from_node,to_node,lead_time_days,product_group
zp7,zp8,0,car
gear-supplier_inv,zp7,2,gear
engine-supplier_inv,zp7,1,engine
gear-supplier_prod,gear-supplier_inv,2,gear
engine-supplier_prod,engine-supplier_inv,1,engine
battery-supplier_inv,zp7,1,battery
seat-supplier_inv,zp7,0,seat
battery-supplier_prod,battery-supplier_inv,1,battery
seat-supplier_prod,seat-supplier_inv,0,seat
seat-supplier_trans,seat-supplier_prod,23,seat_component
battery-supplier_trans,battery-supplier_prod,20,battery_component
