configuration_id,component_product_id,component_quantity
CFG_112bf773e97d,DE4,1
CFG_112bf773e97d,G0K,1
CFG_112bf773e97d,Q1A,1
CFG_1738a11cbd49,DG6,1
CFG_1738a11cbd49,G1C,1
CFG_1738a11cbd49,Q4H,1
CFG_1747d90ed031,DN1,1
CFG_1747d90ed031,G1A,1
CFG_1747d90ed031,Q1A,1
CFG_17620e2785dc,DN4,1
CFG_17620e2785dc,G1D,1
CFG_17620e2785dc,Q4H,1
CFG_1d0f84c0bb06,DE5,1
CFG_1d0f84c0bb06,G1A,1
CFG_1d0f84c0bb06,Q4H,1
CFG_1d1816b1d9d8,DF4,1
CFG_1d1816b1d9d8,G1C,1
CFG_1d1816b1d9d8,Q4H,1
CFG_1e693796a40d,DG6,1
CFG_1e693796a40d,G0R,1
CFG_1e693796a40d,Q2J,1
CFG_1ec55dc0a2ff,DK8,1
CFG_1ec55dc0a2ff,G0K,1
CFG_1ec55dc0a2ff,Q2J,1
CFG_2154b722e06b,DS9,1
CFG_2154b722e06b,G0K,1
CFG_2154b722e06b,Q4H,1
CFG_2534839bab0a,DQ9,1
CFG_2534839bab0a,G1C,1
CFG_2534839bab0a,Q4H,1
CFG_275e4ca07248,DK9,1
CFG_275e4ca07248,G1D,1
CFG_275e4ca07248,Q4H,1
CFG_288ddbff7431,DM4,1
CFG_288ddbff7431,G1D,1
CFG_288ddbff7431,Q4P,1
CFG_29c3378e155b,DK7,1
CFG_29c3378e155b,G1C,1
CFG_29c3378e155b,Q4P,1
CFG_3278d3379c8a,D80,1
CFG_3278d3379c8a,G0K,1
CFG_3278d3379c8a,Q4P,1
CFG_3324700714f1,DN4,1
CFG_3324700714f1,G1A,1
CFG_3324700714f1,Q1A,1
CFG_3697b100c401,D2I,1
CFG_3697b100c401,G0C,1
CFG_3697b100c401,Q2J,1
CFG_36f82e31118f,DN4,1
CFG_36f82e31118f,G0K,1
CFG_36f82e31118f,Q4H,1
CFG_3709eca534a7,D80,1
CFG_3709eca534a7,G1D,1
CFG_3709eca534a7,Q2J,1
CFG_39fe645ba2f1,D33,1
CFG_39fe645ba2f1,G0K,1
CFG_39fe645ba2f1,Q4H,1
CFG_3a3d7179fe0d,DP2,1
CFG_3a3d7179fe0d,G1A,1
CFG_3a3d7179fe0d,Q4P,1
CFG_3e489afc8bfd,DG6,1
CFG_3e489afc8bfd,G0K,1
CFG_3e489afc8bfd,Q1A,1
CFG_4bec09598a98,DN4,1
CFG_4bec09598a98,G0K,1
CFG_4bec09598a98,Q1A,1
CFG_4cd2b98cde9e,DG6,1
CFG_4cd2b98cde9e,G0L,1
CFG_4cd2b98cde9e,Q2J,1
CFG_532891bb36ca,DG6,1
CFG_532891bb36ca,G0R,1
CFG_532891bb36ca,Q4H,1
CFG_5417b1da3239,DB0,1
CFG_5417b1da3239,G1C,1
CFG_5417b1da3239,Q1A,1
CFG_5514d03a77b0,DQ9,1
CFG_5514d03a77b0,G1C,1
CFG_5514d03a77b0,Q2J,1
CFG_5531dad98c69,DK8,1
CFG_5531dad98c69,G0K,1
CFG_5531dad98c69,Q4H,1
CFG_5851809b712d,DQ9,1
CFG_5851809b712d,G0K,1
CFG_5851809b712d,Q4H,1
CFG_58ae56c3ee5b,DN1,1
CFG_58ae56c3ee5b,G1A,1
CFG_58ae56c3ee5b,Q2J,1
CFG_59aede929579,DG8,1
CFG_59aede929579,G1C,1
CFG_59aede929579,Q2J,1
CFG_59f154754573,DG6,1
CFG_59f154754573,G1A,1
CFG_59f154754573,Q1A,1
CFG_5be0533f7ebf,DK8,1
CFG_5be0533f7ebf,G1C,1
CFG_5be0533f7ebf,Q1A,1
CFG_5cd0c67d59bc,DK8,1
CFG_5cd0c67d59bc,G0C,1
CFG_5cd0c67d59bc,Q2J,1
CFG_625048fefa0b,D02,1
CFG_625048fefa0b,G0L,1
CFG_625048fefa0b,Q4P,1
CFG_637b6e72af93,DE2,1
CFG_637b6e72af93,G1D,1
CFG_637b6e72af93,Q4H,1
CFG_65f78a36ed50,D33,1
CFG_65f78a36ed50,G1C,1
CFG_65f78a36ed50,Q2J,1
CFG_665857420cb6,DN1,1
CFG_665857420cb6,G0K,1
CFG_665857420cb6,Q2J,1
CFG_67b539d34471,D64,1
CFG_67b539d34471,G1D,1
CFG_67b539d34471,Q4H,1
CFG_6caaadb373ea,DR8,1
CFG_6caaadb373ea,G1D,1
CFG_6caaadb373ea,Q4P,1
CFG_6ff9e417e386,DG6,1
CFG_6ff9e417e386,G0L,1
CFG_6ff9e417e386,Q4H,1
CFG_710c47edfbc8,DG6,1
CFG_710c47edfbc8,G0K,1
CFG_710c47edfbc8,Q2J,1
CFG_7155e4ee7bdf,DQ4,1
CFG_7155e4ee7bdf,G0K,1
CFG_7155e4ee7bdf,Q4P,1
CFG_727914633b9e,DG8,1
CFG_727914633b9e,G1C,1
CFG_727914633b9e,Q4H,1
CFG_755205a28938,D80,1
CFG_755205a28938,G1A,1
CFG_755205a28938,Q4P,1
CFG_773ac98270b6,DE5,1
CFG_773ac98270b6,G1D,1
CFG_773ac98270b6,Q4H,1
CFG_773f7346d441,DN1,1
CFG_773f7346d441,G0K,1
CFG_773f7346d441,Q1A,1
CFG_77662f37f8a4,D36,1
CFG_77662f37f8a4,G0C,1
CFG_77662f37f8a4,Q4H,1
CFG_77c8b99b43d9,BEV,1
CFG_77c8b99b43d9,D83,1
CFG_77c8b99b43d9,G1Z,1
CFG_77c8b99b43d9,Q4H,1
CFG_7acc0fd451e2,D36,1
CFG_7acc0fd451e2,G0C,1
CFG_7acc0fd451e2,Q2J,1
CFG_7cd4c6b023c5,DN4,1
CFG_7cd4c6b023c5,G1D,1
CFG_7cd4c6b023c5,Q2J,1
CFG_7fa53b7ab3bf,DG8,1
CFG_7fa53b7ab3bf,G0K,1
CFG_7fa53b7ab3bf,Q1A,1
CFG_802041076799,DS9,1
CFG_802041076799,G0K,1
CFG_802041076799,Q2J,1
CFG_81cab8befe03,DB8,1
CFG_81cab8befe03,G0K,1
CFG_81cab8befe03,Q4H,1
CFG_835bac03bc4f,D36,1
CFG_835bac03bc4f,G0C,1
CFG_835bac03bc4f,Q1A,1
CFG_8a3f0c7c09a9,DG8,1
CFG_8a3f0c7c09a9,G1C,1
CFG_8a3f0c7c09a9,Q1A,1
CFG_8a51f93d684d,DG6,1
CFG_8a51f93d684d,G1A,1
CFG_8a51f93d684d,Q4H,1
CFG_8bfc9d62299c,DN4,1
CFG_8bfc9d62299c,G0K,1
CFG_8bfc9d62299c,Q2J,1
CFG_8f2957e28805,DF6,1
CFG_8f2957e28805,G1C,1
CFG_8f2957e28805,Q4H,1
CFG_9178f775d49a,DQ9,1
CFG_9178f775d49a,G0K,1
CFG_9178f775d49a,Q2J,1
CFG_939ca62c69c2,DK8,1
CFG_939ca62c69c2,G1C,1
CFG_939ca62c69c2,Q2J,1
CFG_99b4d8a9c762,DB8,1
CFG_99b4d8a9c762,G0K,1
CFG_99b4d8a9c762,Q2J,1
CFG_9c659499047b,BEV,1
CFG_9c659499047b,D83,1
CFG_9c659499047b,G1Z,1
CFG_9c659499047b,Q2J,1
CFG_9d161c4fa884,D2I,1
CFG_9d161c4fa884,G0C,1
CFG_9d161c4fa884,Q4H,1
CFG_a1d878e7d840,D60,1
CFG_a1d878e7d840,G1D,1
CFG_a1d878e7d840,Q4H,1
CFG_a1ebd0490272,DK8,1
CFG_a1ebd0490272,G0K,1
CFG_a1ebd0490272,Q1A,1
CFG_a292c20a75fd,DK8,1
CFG_a292c20a75fd,G0C,1
CFG_a292c20a75fd,Q4H,1
CFG_a34f76b67ef4,D2I,1
CFG_a34f76b67ef4,G0C,1
CFG_a34f76b67ef4,Q1A,1
CFG_a9714f85f877,DE5,1
CFG_a9714f85f877,G1D,1
CFG_a9714f85f877,Q2J,1
CFG_ac213567a5a2,DK7,1
CFG_ac213567a5a2,G0K,1
CFG_ac213567a5a2,Q4P,1
CFG_acabbc62a021,DG6,1
CFG_acabbc62a021,G1C,1
CFG_acabbc62a021,Q1A,1
CFG_b04e3d146803,D64,1
CFG_b04e3d146803,G1D,1
CFG_b04e3d146803,Q2J,1
CFG_b0eabb76b70f,DN6,1
CFG_b0eabb76b70f,G1D,1
CFG_b0eabb76b70f,Q4H,1
CFG_b2a3cbb134c5,DN4,1
CFG_b2a3cbb134c5,G1C,1
CFG_b2a3cbb134c5,Q4H,1
CFG_b2bb984b770a,DN4,1
CFG_b2bb984b770a,G1D,1
CFG_b2bb984b770a,Q1A,1
CFG_b4fe1465527a,DN4,1
CFG_b4fe1465527a,G1C,1
CFG_b4fe1465527a,Q1A,1
CFG_b8e6a5652de1,DG6,1
CFG_b8e6a5652de1,G1C,1
CFG_b8e6a5652de1,Q2J,1
CFG_bbea204eb2ac,DR8,1
CFG_bbea204eb2ac,G0L,1
CFG_bbea204eb2ac,Q4P,1
CFG_bd6412fc68b0,DE4,1
CFG_bd6412fc68b0,G0K,1
CFG_bd6412fc68b0,Q2J,1
CFG_be784e24b621,DS9,1
CFG_be784e24b621,G1C,1
CFG_be784e24b621,Q4H,1
CFG_c910518048de,DN4,1
CFG_c910518048de,G1A,1
CFG_c910518048de,Q2J,1
CFG_c94b44f1b2f9,DG8,1
CFG_c94b44f1b2f9,G0K,1
CFG_c94b44f1b2f9,Q4H,1
CFG_cc5bbb6e9d13,D33,1
CFG_cc5bbb6e9d13,G1C,1
CFG_cc5bbb6e9d13,Q1A,1
CFG_cdb458536382,DN4,1
CFG_cdb458536382,G0L,1
CFG_cdb458536382,Q1A,1
CFG_ce5b3e9775e9,DG6,1
CFG_ce5b3e9775e9,G0R,1
CFG_ce5b3e9775e9,Q1A,1
CFG_ceef49456daa,DE4,1
CFG_ceef49456daa,G0K,1
CFG_ceef49456daa,Q4H,1
CFG_cf541d0f8a3a,D33,1
CFG_cf541d0f8a3a,G0K,1
CFG_cf541d0f8a3a,Q2J,1
CFG_cf6528e23789,DB8,1
CFG_cf6528e23789,G0K,1
CFG_cf6528e23789,Q1A,1
CFG_d0face5aa80d,DN4,1
CFG_d0face5aa80d,G0L,1
CFG_d0face5aa80d,Q2J,1
CFG_d39c77a1a4bf,D33,1
CFG_d39c77a1a4bf,G1C,1
CFG_d39c77a1a4bf,Q4H,1
CFG_d7aadf87f0b1,DQ4,1
CFG_d7aadf87f0b1,G1C,1
CFG_d7aadf87f0b1,Q4P,1
CFG_d96b0c9e44d0,DG6,1
CFG_d96b0c9e44d0,G1A,1
CFG_d96b0c9e44d0,Q2J,1
CFG_db37bdfe8c71,DN6,1
CFG_db37bdfe8c71,G0K,1
CFG_db37bdfe8c71,Q2J,1
CFG_dda2f907b868,DN4,1
CFG_dda2f907b868,G1A,1
CFG_dda2f907b868,Q4H,1
CFG_de29bb20eaa6,DK8,1
CFG_de29bb20eaa6,G0C,1
CFG_de29bb20eaa6,Q1A,1
CFG_deda15f4c4a8,D33,1
CFG_deda15f4c4a8,G0K,1
CFG_deda15f4c4a8,Q1A,1
CFG_e1e6e0c66c93,D02,1
CFG_e1e6e0c66c93,G1D,1
CFG_e1e6e0c66c93,Q4P,1
CFG_e3386d946379,DB0,1
CFG_e3386d946379,G1C,1
CFG_e3386d946379,Q2J,1
CFG_e3950fd94ca1,DN4,1
CFG_e3950fd94ca1,G1C,1
CFG_e3950fd94ca1,Q2J,1
CFG_e87513c8563d,DG6,1
CFG_e87513c8563d,G0K,1
CFG_e87513c8563d,Q4H,1
CFG_f18488ce1456,DG8,1
CFG_f18488ce1456,G0K,1
CFG_f18488ce1456,Q2J,1
CFG_f764ab45c11f,DE2,1
CFG_f764ab45c11f,G1A,1
CFG_f764ab45c11f,Q4P,1
CFG_f90a73d2a477,DS9,1
CFG_f90a73d2a477,G1C,1
CFG_f90a73d2a477,Q2J,1
CFG_f993a0fc6256,DN4,1
CFG_f993a0fc6256,G0L,1
CFG_f993a0fc6256,Q4H,1
CFG_ffde3ea1b2e3,DK8,1
CFG_ffde3ea1b2e3,G1C,1
CFG_ffde3ea1b2e3,Q4H,1
