configuration_id,node_id,due_period,demand_units
CFG_112bf773e97d,zp8,61,1
CFG_112bf773e97d,zp8,62,4
CFG_112bf773e97d,zp8,63,3
CFG_112bf773e97d,zp8,64,6
CFG_112bf773e97d,zp8,65,2
CFG_112bf773e97d,zp8,67,3
CFG_112bf773e97d,zp8,68,1
CFG_112bf773e97d,zp8,69,6
CFG_112bf773e97d,zp8,70,3
CFG_112bf773e97d,zp8,71,2
CFG_112bf773e97d,zp8,72,3
CFG_112bf773e97d,zp8,73,1
CFG_112bf773e97d,zp8,74,1
CFG_1738a11cbd49,zp8,61,37
CFG_1738a11cbd49,zp8,62,51
CFG_1738a11cbd49,zp8,63,42
CFG_1738a11cbd49,zp8,64,65
CFG_1738a11cbd49,zp8,65,37
CFG_1738a11cbd49,zp8,66,37
CFG_1738a11cbd49,zp8,67,50
CFG_1738a11cbd49,zp8,68,41
CFG_1738a11cbd49,zp8,69,45
CFG_1738a11cbd49,zp8,70,28
CFG_1738a11cbd49,zp8,71,37
CFG_1738a11cbd49,zp8,72,50
CFG_1738a11cbd49,zp8,73,53
CFG_1738a11cbd49,zp8,74,40
CFG_1747d90ed031,zp8,61,2
CFG_1747d90ed031,zp8,62,1
CFG_1747d90ed031,zp8,63,4
CFG_1747d90ed031,zp8,65,2
CFG_1747d90ed031,zp8,66,3
CFG_1747d90ed031,zp8,67,1
CFG_1747d90ed031,zp8,68,1
CFG_1747d90ed031,zp8,69,1
CFG_1747d90ed031,zp8,70,1
CFG_1747d90ed031,zp8,71,3
CFG_1747d90ed031,zp8,72,2
CFG_1747d90ed031,zp8,73,1
CFG_1747d90ed031,zp8,74,2
CFG_17620e2785dc,zp8,61,35
CFG_17620e2785dc,zp8,62,32
CFG_17620e2785dc,zp8,63,38
CFG_17620e2785dc,zp8,64,9
CFG_17620e2785dc,zp8,65,47
CFG_17620e2785dc,zp8,66,42
CFG_17620e2785dc,zp8,67,18
CFG_17620e2785dc,zp8,68,44
CFG_17620e2785dc,zp8,69,32
CFG_17620e2785dc,zp8,70,41
CFG_17620e2785dc,zp8,71,45
CFG_17620e2785dc,zp8,72,29
CFG_17620e2785dc,zp8,73,17
CFG_17620e2785dc,zp8,74,42
CFG_1d0f84c0bb06,zp8,61,10
CFG_1d0f84c0bb06,zp8,62,6
CFG_1d0f84c0bb06,zp8,63,6
CFG_1d0f84c0bb06,zp8,64,10
CFG_1d0f84c0bb06,zp8,65,4
CFG_1d0f84c0bb06,zp8,66,6
CFG_1d0f84c0bb06,zp8,67,11
CFG_1d0f84c0bb06,zp8,68,5
CFG_1d0f84c0bb06,zp8,69,9
CFG_1d0f84c0bb06,zp8,70,6
CFG_1d0f84c0bb06,zp8,71,5
CFG_1d0f84c0bb06,zp8,72,7
CFG_1d0f84c0bb06,zp8,73,10
CFG_1d0f84c0bb06,zp8,74,7
CFG_1d1816b1d9d8,zp8,61,7
CFG_1d1816b1d9d8,zp8,62,1
CFG_1d1816b1d9d8,zp8,63,4
CFG_1d1816b1d9d8,zp8,65,6
CFG_1d1816b1d9d8,zp8,66,3
CFG_1d1816b1d9d8,zp8,67,3
CFG_1d1816b1d9d8,zp8,68,2
CFG_1d1816b1d9d8,zp8,69,1
CFG_1d1816b1d9d8,zp8,70,4
CFG_1d1816b1d9d8,zp8,71,6
CFG_1d1816b1d9d8,zp8,72,2
CFG_1d1816b1d9d8,zp8,73,5
CFG_1d1816b1d9d8,zp8,74,2
CFG_1e693796a40d,zp8,61,19
CFG_1e693796a40d,zp8,62,11
CFG_1e693796a40d,zp8,63,21
CFG_1e693796a40d,zp8,64,2
CFG_1e693796a40d,zp8,65,22
CFG_1e693796a40d,zp8,66,16
CFG_1e693796a40d,zp8,67,11
CFG_1e693796a40d,zp8,68,15
CFG_1e693796a40d,zp8,69,12
CFG_1e693796a40d,zp8,70,15
CFG_1e693796a40d,zp8,71,23
CFG_1e693796a40d,zp8,72,13
CFG_1e693796a40d,zp8,73,11
CFG_1e693796a40d,zp8,74,17
CFG_1ec55dc0a2ff,zp8,61,81
CFG_1ec55dc0a2ff,zp8,62,47
CFG_1ec55dc0a2ff,zp8,63,63
CFG_1ec55dc0a2ff,zp8,64,26
CFG_1ec55dc0a2ff,zp8,65,68
CFG_1ec55dc0a2ff,zp8,66,75
CFG_1ec55dc0a2ff,zp8,67,54
CFG_1ec55dc0a2ff,zp8,68,60
CFG_1ec55dc0a2ff,zp8,69,48
CFG_1ec55dc0a2ff,zp8,70,60
CFG_1ec55dc0a2ff,zp8,71,72
CFG_1ec55dc0a2ff,zp8,72,55
CFG_1ec55dc0a2ff,zp8,73,57
CFG_1ec55dc0a2ff,zp8,74,64
CFG_2154b722e06b,zp8,61,28
CFG_2154b722e06b,zp8,62,23
CFG_2154b722e06b,zp8,63,19
CFG_2154b722e06b,zp8,64,6
CFG_2154b722e06b,zp8,65,17
CFG_2154b722e06b,zp8,66,30
CFG_2154b722e06b,zp8,67,11
CFG_2154b722e06b,zp8,68,32
CFG_2154b722e06b,zp8,69,15
CFG_2154b722e06b,zp8,70,28
CFG_2154b722e06b,zp8,71,15
CFG_2154b722e06b,zp8,72,14
CFG_2154b722e06b,zp8,73,15
CFG_2154b722e06b,zp8,74,31
CFG_2534839bab0a,zp8,61,14
CFG_2534839bab0a,zp8,62,10
CFG_2534839bab0a,zp8,63,8
CFG_2534839bab0a,zp8,64,3
CFG_2534839bab0a,zp8,65,20
CFG_2534839bab0a,zp8,66,17
CFG_2534839bab0a,zp8,67,5
CFG_2534839bab0a,zp8,68,10
CFG_2534839bab0a,zp8,69,7
CFG_2534839bab0a,zp8,70,13
CFG_2534839bab0a,zp8,71,22
CFG_2534839bab0a,zp8,72,12
CFG_2534839bab0a,zp8,73,12
CFG_2534839bab0a,zp8,74,10
CFG_275e4ca07248,zp8,61,12
CFG_275e4ca07248,zp8,62,17
CFG_275e4ca07248,zp8,63,7
CFG_275e4ca07248,zp8,64,6
CFG_275e4ca07248,zp8,65,17
CFG_275e4ca07248,zp8,66,10
CFG_275e4ca07248,zp8,67,11
CFG_275e4ca07248,zp8,68,21
CFG_275e4ca07248,zp8,69,11
CFG_275e4ca07248,zp8,70,11
CFG_275e4ca07248,zp8,71,17
CFG_275e4ca07248,zp8,72,8
CFG_275e4ca07248,zp8,73,10
CFG_275e4ca07248,zp8,74,20
CFG_288ddbff7431,zp8,61,15
CFG_288ddbff7431,zp8,62,4
CFG_288ddbff7431,zp8,63,14
CFG_288ddbff7431,zp8,64,2
CFG_288ddbff7431,zp8,65,12
CFG_288ddbff7431,zp8,66,10
CFG_288ddbff7431,zp8,67,9
CFG_288ddbff7431,zp8,68,8
CFG_288ddbff7431,zp8,69,11
CFG_288ddbff7431,zp8,70,7
CFG_288ddbff7431,zp8,71,12
CFG_288ddbff7431,zp8,72,7
CFG_288ddbff7431,zp8,73,8
CFG_288ddbff7431,zp8,74,7
CFG_29c3378e155b,zp8,61,20
CFG_29c3378e155b,zp8,62,57
CFG_29c3378e155b,zp8,63,30
CFG_29c3378e155b,zp8,64,80
CFG_29c3378e155b,zp8,65,43
CFG_29c3378e155b,zp8,66,25
CFG_29c3378e155b,zp8,67,53
CFG_29c3378e155b,zp8,68,32
CFG_29c3378e155b,zp8,69,42
CFG_29c3378e155b,zp8,70,44
CFG_29c3378e155b,zp8,71,41
CFG_29c3378e155b,zp8,72,45
CFG_29c3378e155b,zp8,73,42
CFG_29c3378e155b,zp8,74,34
CFG_3278d3379c8a,zp8,61,16
CFG_3278d3379c8a,zp8,62,12
CFG_3278d3379c8a,zp8,63,8
CFG_3278d3379c8a,zp8,64,2
CFG_3278d3379c8a,zp8,65,21
CFG_3278d3379c8a,zp8,66,14
CFG_3278d3379c8a,zp8,67,7
CFG_3278d3379c8a,zp8,68,17
CFG_3278d3379c8a,zp8,69,11
CFG_3278d3379c8a,zp8,70,14
CFG_3278d3379c8a,zp8,71,22
CFG_3278d3379c8a,zp8,72,9
CFG_3278d3379c8a,zp8,73,9
CFG_3278d3379c8a,zp8,74,18
CFG_3324700714f1,zp8,61,1
CFG_3324700714f1,zp8,63,2
CFG_3324700714f1,zp8,66,1
CFG_3324700714f1,zp8,68,1
CFG_3324700714f1,zp8,69,1
CFG_3324700714f1,zp8,72,1
CFG_3697b100c401,zp8,61,7
CFG_3697b100c401,zp8,62,8
CFG_3697b100c401,zp8,63,8
CFG_3697b100c401,zp8,65,11
CFG_3697b100c401,zp8,66,7
CFG_3697b100c401,zp8,67,4
CFG_3697b100c401,zp8,68,12
CFG_3697b100c401,zp8,69,6
CFG_3697b100c401,zp8,70,8
CFG_3697b100c401,zp8,71,12
CFG_3697b100c401,zp8,72,5
CFG_3697b100c401,zp8,73,6
CFG_3697b100c401,zp8,74,10
CFG_36f82e31118f,zp8,61,46
CFG_36f82e31118f,zp8,62,35
CFG_36f82e31118f,zp8,63,45
CFG_36f82e31118f,zp8,64,14
CFG_36f82e31118f,zp8,65,38
CFG_36f82e31118f,zp8,66,45
CFG_36f82e31118f,zp8,67,29
CFG_36f82e31118f,zp8,68,41
CFG_36f82e31118f,zp8,69,46
CFG_36f82e31118f,zp8,70,38
CFG_36f82e31118f,zp8,71,40
CFG_36f82e31118f,zp8,72,33
CFG_36f82e31118f,zp8,73,31
CFG_36f82e31118f,zp8,74,44
CFG_3709eca534a7,zp8,62,1
CFG_3709eca534a7,zp8,68,1
CFG_3709eca534a7,zp8,74,1
CFG_39fe645ba2f1,zp8,61,27
CFG_39fe645ba2f1,zp8,62,19
CFG_39fe645ba2f1,zp8,63,25
CFG_39fe645ba2f1,zp8,64,10
CFG_39fe645ba2f1,zp8,65,13
CFG_39fe645ba2f1,zp8,66,18
CFG_39fe645ba2f1,zp8,67,20
CFG_39fe645ba2f1,zp8,68,23
CFG_39fe645ba2f1,zp8,69,15
CFG_39fe645ba2f1,zp8,70,11
CFG_39fe645ba2f1,zp8,71,11
CFG_39fe645ba2f1,zp8,72,19
CFG_39fe645ba2f1,zp8,73,26
CFG_39fe645ba2f1,zp8,74,22
CFG_3a3d7179fe0d,zp8,61,42
CFG_3a3d7179fe0d,zp8,62,40
CFG_3a3d7179fe0d,zp8,63,46
CFG_3a3d7179fe0d,zp8,64,12
CFG_3a3d7179fe0d,zp8,65,45
CFG_3a3d7179fe0d,zp8,66,45
CFG_3a3d7179fe0d,zp8,67,29
CFG_3a3d7179fe0d,zp8,68,59
CFG_3a3d7179fe0d,zp8,69,40
CFG_3a3d7179fe0d,zp8,70,33
CFG_3a3d7179fe0d,zp8,71,43
CFG_3a3d7179fe0d,zp8,72,40
CFG_3a3d7179fe0d,zp8,73,28
CFG_3a3d7179fe0d,zp8,74,56
CFG_3e489afc8bfd,zp8,61,3
CFG_3e489afc8bfd,zp8,62,5
CFG_3e489afc8bfd,zp8,63,4
CFG_3e489afc8bfd,zp8,64,2
CFG_3e489afc8bfd,zp8,65,8
CFG_3e489afc8bfd,zp8,66,11
CFG_3e489afc8bfd,zp8,67,3
CFG_3e489afc8bfd,zp8,68,6
CFG_3e489afc8bfd,zp8,69,2
CFG_3e489afc8bfd,zp8,70,4
CFG_3e489afc8bfd,zp8,71,7
CFG_3e489afc8bfd,zp8,72,5
CFG_3e489afc8bfd,zp8,73,2
CFG_3e489afc8bfd,zp8,74,6
CFG_4bec09598a98,zp8,62,1
CFG_4bec09598a98,zp8,63,1
CFG_4bec09598a98,zp8,64,1
CFG_4bec09598a98,zp8,65,2
CFG_4bec09598a98,zp8,66,2
CFG_4bec09598a98,zp8,68,1
CFG_4bec09598a98,zp8,69,1
CFG_4bec09598a98,zp8,70,3
CFG_4bec09598a98,zp8,71,3
CFG_4bec09598a98,zp8,72,2
CFG_4bec09598a98,zp8,74,1
CFG_4cd2b98cde9e,zp8,61,1
CFG_4cd2b98cde9e,zp8,62,4
CFG_4cd2b98cde9e,zp8,63,4
CFG_4cd2b98cde9e,zp8,64,2
CFG_4cd2b98cde9e,zp8,66,6
CFG_4cd2b98cde9e,zp8,67,2
CFG_4cd2b98cde9e,zp8,68,4
CFG_4cd2b98cde9e,zp8,69,4
CFG_4cd2b98cde9e,zp8,70,2
CFG_4cd2b98cde9e,zp8,72,4
CFG_4cd2b98cde9e,zp8,73,1
CFG_4cd2b98cde9e,zp8,74,4
CFG_532891bb36ca,zp8,61,6
CFG_532891bb36ca,zp8,62,7
CFG_532891bb36ca,zp8,63,7
CFG_532891bb36ca,zp8,64,4
CFG_532891bb36ca,zp8,65,10
CFG_532891bb36ca,zp8,66,10
CFG_532891bb36ca,zp8,67,4
CFG_532891bb36ca,zp8,68,11
CFG_532891bb36ca,zp8,69,10
CFG_532891bb36ca,zp8,70,9
CFG_532891bb36ca,zp8,71,11
CFG_532891bb36ca,zp8,72,4
CFG_532891bb36ca,zp8,73,2
CFG_532891bb36ca,zp8,74,8
CFG_5417b1da3239,zp8,62,1
CFG_5417b1da3239,zp8,68,1
CFG_5417b1da3239,zp8,70,1
CFG_5417b1da3239,zp8,74,1
CFG_5514d03a77b0,zp8,61,19
CFG_5514d03a77b0,zp8,62,29
CFG_5514d03a77b0,zp8,63,29
CFG_5514d03a77b0,zp8,64,18
CFG_5514d03a77b0,zp8,65,30
CFG_5514d03a77b0,zp8,66,25
CFG_5514d03a77b0,zp8,67,18
CFG_5514d03a77b0,zp8,68,25
CFG_5514d03a77b0,zp8,69,30
CFG_5514d03a77b0,zp8,70,22
CFG_5514d03a77b0,zp8,71,29
CFG_5514d03a77b0,zp8,72,24
CFG_5514d03a77b0,zp8,73,17
CFG_5514d03a77b0,zp8,74,26
CFG_5531dad98c69,zp8,61,7
CFG_5531dad98c69,zp8,62,2
CFG_5531dad98c69,zp8,63,6
CFG_5531dad98c69,zp8,65,6
CFG_5531dad98c69,zp8,66,4
CFG_5531dad98c69,zp8,67,1
CFG_5531dad98c69,zp8,68,5
CFG_5531dad98c69,zp8,69,2
CFG_5531dad98c69,zp8,70,2
CFG_5531dad98c69,zp8,71,6
CFG_5531dad98c69,zp8,73,5
CFG_5531dad98c69,zp8,74,5
CFG_5851809b712d,zp8,61,10
CFG_5851809b712d,zp8,62,7
CFG_5851809b712d,zp8,63,8
CFG_5851809b712d,zp8,65,7
CFG_5851809b712d,zp8,66,7
CFG_5851809b712d,zp8,67,4
CFG_5851809b712d,zp8,68,12
CFG_5851809b712d,zp8,69,5
CFG_5851809b712d,zp8,70,7
CFG_5851809b712d,zp8,71,8
CFG_5851809b712d,zp8,72,5
CFG_5851809b712d,zp8,73,8
CFG_5851809b712d,zp8,74,10
CFG_58ae56c3ee5b,zp8,61,3
CFG_58ae56c3ee5b,zp8,63,5
CFG_58ae56c3ee5b,zp8,65,3
CFG_58ae56c3ee5b,zp8,66,5
CFG_58ae56c3ee5b,zp8,67,1
CFG_58ae56c3ee5b,zp8,69,2
CFG_58ae56c3ee5b,zp8,70,1
CFG_58ae56c3ee5b,zp8,71,3
CFG_58ae56c3ee5b,zp8,72,1
CFG_58ae56c3ee5b,zp8,73,3
CFG_59aede929579,zp8,61,24
CFG_59aede929579,zp8,62,19
CFG_59aede929579,zp8,63,24
CFG_59aede929579,zp8,64,4
CFG_59aede929579,zp8,65,23
CFG_59aede929579,zp8,66,25
CFG_59aede929579,zp8,67,10
CFG_59aede929579,zp8,68,26
CFG_59aede929579,zp8,69,20
CFG_59aede929579,zp8,70,22
CFG_59aede929579,zp8,71,24
CFG_59aede929579,zp8,72,17
CFG_59aede929579,zp8,73,19
CFG_59aede929579,zp8,74,24
CFG_59f154754573,zp8,61,33
CFG_59f154754573,zp8,62,21
CFG_59f154754573,zp8,63,17
CFG_59f154754573,zp8,64,8
CFG_59f154754573,zp8,65,21
CFG_59f154754573,zp8,66,29
CFG_59f154754573,zp8,67,24
CFG_59f154754573,zp8,68,29
CFG_59f154754573,zp8,69,20
CFG_59f154754573,zp8,70,17
CFG_59f154754573,zp8,71,22
CFG_59f154754573,zp8,72,22
CFG_59f154754573,zp8,73,23
CFG_59f154754573,zp8,74,31
CFG_5be0533f7ebf,zp8,61,7
CFG_5be0533f7ebf,zp8,62,4
CFG_5be0533f7ebf,zp8,63,3
CFG_5be0533f7ebf,zp8,64,2
CFG_5be0533f7ebf,zp8,65,4
CFG_5be0533f7ebf,zp8,66,2
CFG_5be0533f7ebf,zp8,67,5
CFG_5be0533f7ebf,zp8,68,6
CFG_5be0533f7ebf,zp8,69,2
CFG_5be0533f7ebf,zp8,70,5
CFG_5be0533f7ebf,zp8,71,3
CFG_5be0533f7ebf,zp8,72,4
CFG_5be0533f7ebf,zp8,73,5
CFG_5be0533f7ebf,zp8,74,5
CFG_5cd0c67d59bc,zp8,61,36
CFG_5cd0c67d59bc,zp8,62,23
CFG_5cd0c67d59bc,zp8,63,37
CFG_5cd0c67d59bc,zp8,64,12
CFG_5cd0c67d59bc,zp8,65,41
CFG_5cd0c67d59bc,zp8,66,31
CFG_5cd0c67d59bc,zp8,67,23
CFG_5cd0c67d59bc,zp8,68,28
CFG_5cd0c67d59bc,zp8,69,23
CFG_5cd0c67d59bc,zp8,70,31
CFG_5cd0c67d59bc,zp8,71,37
CFG_5cd0c67d59bc,zp8,72,29
CFG_5cd0c67d59bc,zp8,73,17
CFG_5cd0c67d59bc,zp8,74,31
CFG_625048fefa0b,zp8,61,5
CFG_625048fefa0b,zp8,62,6
CFG_625048fefa0b,zp8,63,3
CFG_625048fefa0b,zp8,64,5
CFG_625048fefa0b,zp8,65,6
CFG_625048fefa0b,zp8,66,10
CFG_625048fefa0b,zp8,67,3
CFG_625048fefa0b,zp8,68,8
CFG_625048fefa0b,zp8,69,5
CFG_625048fefa0b,zp8,70,4
CFG_625048fefa0b,zp8,71,6
CFG_625048fefa0b,zp8,72,11
CFG_625048fefa0b,zp8,73,3
CFG_625048fefa0b,zp8,74,8
CFG_637b6e72af93,zp8,61,4
CFG_637b6e72af93,zp8,62,1
CFG_637b6e72af93,zp8,63,6
CFG_637b6e72af93,zp8,64,2
CFG_637b6e72af93,zp8,65,2
CFG_637b6e72af93,zp8,66,4
CFG_637b6e72af93,zp8,67,3
CFG_637b6e72af93,zp8,68,2
CFG_637b6e72af93,zp8,69,3
CFG_637b6e72af93,zp8,70,1
CFG_637b6e72af93,zp8,71,3
CFG_637b6e72af93,zp8,72,3
CFG_637b6e72af93,zp8,73,3
CFG_637b6e72af93,zp8,74,2
CFG_65f78a36ed50,zp8,61,8
CFG_65f78a36ed50,zp8,62,11
CFG_65f78a36ed50,zp8,63,3
CFG_65f78a36ed50,zp8,64,2
CFG_65f78a36ed50,zp8,65,11
CFG_65f78a36ed50,zp8,66,9
CFG_65f78a36ed50,zp8,67,4
CFG_65f78a36ed50,zp8,68,12
CFG_65f78a36ed50,zp8,69,2
CFG_65f78a36ed50,zp8,70,6
CFG_65f78a36ed50,zp8,71,12
CFG_65f78a36ed50,zp8,72,6
CFG_65f78a36ed50,zp8,73,7
CFG_65f78a36ed50,zp8,74,11
CFG_665857420cb6,zp8,63,1
CFG_665857420cb6,zp8,65,2
CFG_665857420cb6,zp8,69,1
CFG_665857420cb6,zp8,71,2
CFG_67b539d34471,zp8,61,81
CFG_67b539d34471,zp8,62,126
CFG_67b539d34471,zp8,63,84
CFG_67b539d34471,zp8,64,178
CFG_67b539d34471,zp8,65,72
CFG_67b539d34471,zp8,66,72
CFG_67b539d34471,zp8,67,125
CFG_67b539d34471,zp8,68,88
CFG_67b539d34471,zp8,69,105
CFG_67b539d34471,zp8,70,99
CFG_67b539d34471,zp8,71,79
CFG_67b539d34471,zp8,72,112
CFG_67b539d34471,zp8,73,125
CFG_67b539d34471,zp8,74,93
CFG_6caaadb373ea,zp8,61,13
CFG_6caaadb373ea,zp8,62,17
CFG_6caaadb373ea,zp8,63,10
CFG_6caaadb373ea,zp8,64,7
CFG_6caaadb373ea,zp8,65,14
CFG_6caaadb373ea,zp8,66,10
CFG_6caaadb373ea,zp8,67,9
CFG_6caaadb373ea,zp8,68,20
CFG_6caaadb373ea,zp8,69,10
CFG_6caaadb373ea,zp8,70,14
CFG_6caaadb373ea,zp8,71,14
CFG_6caaadb373ea,zp8,72,7
CFG_6caaadb373ea,zp8,73,8
CFG_6caaadb373ea,zp8,74,21
CFG_6ff9e417e386,zp8,61,3
CFG_6ff9e417e386,zp8,65,2
CFG_6ff9e417e386,zp8,66,2
CFG_6ff9e417e386,zp8,67,2
CFG_6ff9e417e386,zp8,68,1
CFG_6ff9e417e386,zp8,69,1
CFG_6ff9e417e386,zp8,71,2
CFG_6ff9e417e386,zp8,72,2
CFG_6ff9e417e386,zp8,73,3
CFG_6ff9e417e386,zp8,74,1
CFG_710c47edfbc8,zp8,61,29
CFG_710c47edfbc8,zp8,62,20
CFG_710c47edfbc8,zp8,63,27
CFG_710c47edfbc8,zp8,64,6
CFG_710c47edfbc8,zp8,65,38
CFG_710c47edfbc8,zp8,66,29
CFG_710c47edfbc8,zp8,67,18
CFG_710c47edfbc8,zp8,68,29
CFG_710c47edfbc8,zp8,69,24
CFG_710c47edfbc8,zp8,70,31
CFG_710c47edfbc8,zp8,71,38
CFG_710c47edfbc8,zp8,72,24
CFG_710c47edfbc8,zp8,73,16
CFG_710c47edfbc8,zp8,74,31
CFG_7155e4ee7bdf,zp8,61,8
CFG_7155e4ee7bdf,zp8,62,5
CFG_7155e4ee7bdf,zp8,63,5
CFG_7155e4ee7bdf,zp8,64,3
CFG_7155e4ee7bdf,zp8,65,9
CFG_7155e4ee7bdf,zp8,66,11
CFG_7155e4ee7bdf,zp8,67,8
CFG_7155e4ee7bdf,zp8,68,4
CFG_7155e4ee7bdf,zp8,69,6
CFG_7155e4ee7bdf,zp8,70,4
CFG_7155e4ee7bdf,zp8,71,10
CFG_7155e4ee7bdf,zp8,72,9
CFG_7155e4ee7bdf,zp8,73,5
CFG_7155e4ee7bdf,zp8,74,7
CFG_727914633b9e,zp8,61,16
CFG_727914633b9e,zp8,62,5
CFG_727914633b9e,zp8,63,11
CFG_727914633b9e,zp8,64,1
CFG_727914633b9e,zp8,65,15
CFG_727914633b9e,zp8,66,15
CFG_727914633b9e,zp8,67,8
CFG_727914633b9e,zp8,68,10
CFG_727914633b9e,zp8,69,12
CFG_727914633b9e,zp8,70,6
CFG_727914633b9e,zp8,71,17
CFG_727914633b9e,zp8,72,6
CFG_727914633b9e,zp8,73,10
CFG_727914633b9e,zp8,74,11
CFG_755205a28938,zp8,61,49
CFG_755205a28938,zp8,62,70
CFG_755205a28938,zp8,63,56
CFG_755205a28938,zp8,64,97
CFG_755205a28938,zp8,65,30
CFG_755205a28938,zp8,66,42
CFG_755205a28938,zp8,67,73
CFG_755205a28938,zp8,68,56
CFG_755205a28938,zp8,69,70
CFG_755205a28938,zp8,70,41
CFG_755205a28938,zp8,71,29
CFG_755205a28938,zp8,72,60
CFG_755205a28938,zp8,73,67
CFG_755205a28938,zp8,74,56
CFG_773ac98270b6,zp8,61,54
CFG_773ac98270b6,zp8,62,41
CFG_773ac98270b6,zp8,63,53
CFG_773ac98270b6,zp8,64,26
CFG_773ac98270b6,zp8,65,51
CFG_773ac98270b6,zp8,66,72
CFG_773ac98270b6,zp8,67,38
CFG_773ac98270b6,zp8,68,60
CFG_773ac98270b6,zp8,69,40
CFG_773ac98270b6,zp8,70,51
CFG_773ac98270b6,zp8,71,50
CFG_773ac98270b6,zp8,72,54
CFG_773ac98270b6,zp8,73,39
CFG_773ac98270b6,zp8,74,59
CFG_773f7346d441,zp8,63,1
CFG_773f7346d441,zp8,69,2
CFG_77662f37f8a4,zp8,70,1
CFG_77c8b99b43d9,zp8,61,7
CFG_77c8b99b43d9,zp8,62,263
CFG_77c8b99b43d9,zp8,63,108
CFG_77c8b99b43d9,zp8,64,698
CFG_77c8b99b43d9,zp8,65,27
CFG_77c8b99b43d9,zp8,66,11
CFG_77c8b99b43d9,zp8,67,359
CFG_77c8b99b43d9,zp8,68,10
CFG_77c8b99b43d9,zp8,69,238
CFG_77c8b99b43d9,zp8,70,124
CFG_77c8b99b43d9,zp8,71,13
CFG_77c8b99b43d9,zp8,72,245
CFG_77c8b99b43d9,zp8,73,324
CFG_77c8b99b43d9,zp8,74,9
CFG_7acc0fd451e2,zp8,61,3
CFG_7acc0fd451e2,zp8,63,2
CFG_7acc0fd451e2,zp8,65,1
CFG_7acc0fd451e2,zp8,66,4
CFG_7acc0fd451e2,zp8,67,2
CFG_7acc0fd451e2,zp8,68,1
CFG_7acc0fd451e2,zp8,69,1
CFG_7acc0fd451e2,zp8,71,1
CFG_7acc0fd451e2,zp8,73,2
CFG_7acc0fd451e2,zp8,74,1
CFG_7cd4c6b023c5,zp8,61,11
CFG_7cd4c6b023c5,zp8,62,8
CFG_7cd4c6b023c5,zp8,63,7
CFG_7cd4c6b023c5,zp8,64,4
CFG_7cd4c6b023c5,zp8,65,7
CFG_7cd4c6b023c5,zp8,66,13
CFG_7cd4c6b023c5,zp8,67,9
CFG_7cd4c6b023c5,zp8,68,6
CFG_7cd4c6b023c5,zp8,69,11
CFG_7cd4c6b023c5,zp8,70,9
CFG_7cd4c6b023c5,zp8,71,8
CFG_7cd4c6b023c5,zp8,72,11
CFG_7cd4c6b023c5,zp8,73,8
CFG_7cd4c6b023c5,zp8,74,7
CFG_7fa53b7ab3bf,zp8,61,23
CFG_7fa53b7ab3bf,zp8,62,17
CFG_7fa53b7ab3bf,zp8,63,13
CFG_7fa53b7ab3bf,zp8,64,1
CFG_7fa53b7ab3bf,zp8,65,12
CFG_7fa53b7ab3bf,zp8,66,23
CFG_7fa53b7ab3bf,zp8,67,11
CFG_7fa53b7ab3bf,zp8,68,22
CFG_7fa53b7ab3bf,zp8,69,11
CFG_7fa53b7ab3bf,zp8,70,17
CFG_7fa53b7ab3bf,zp8,71,14
CFG_7fa53b7ab3bf,zp8,72,12
CFG_7fa53b7ab3bf,zp8,73,19
CFG_7fa53b7ab3bf,zp8,74,22
CFG_802041076799,zp8,61,11
CFG_802041076799,zp8,62,8
CFG_802041076799,zp8,63,13
CFG_802041076799,zp8,65,13
CFG_802041076799,zp8,66,11
CFG_802041076799,zp8,67,8
CFG_802041076799,zp8,68,10
CFG_802041076799,zp8,69,11
CFG_802041076799,zp8,70,6
CFG_802041076799,zp8,71,14
CFG_802041076799,zp8,72,3
CFG_802041076799,zp8,73,7
CFG_802041076799,zp8,74,12
CFG_81cab8befe03,zp8,61,2
CFG_81cab8befe03,zp8,62,1
CFG_81cab8befe03,zp8,63,1
CFG_81cab8befe03,zp8,65,1
CFG_81cab8befe03,zp8,67,2
CFG_81cab8befe03,zp8,68,1
CFG_81cab8befe03,zp8,70,1
CFG_81cab8befe03,zp8,71,1
CFG_81cab8befe03,zp8,74,3
CFG_835bac03bc4f,zp8,63,1
CFG_835bac03bc4f,zp8,66,1
CFG_835bac03bc4f,zp8,68,2
CFG_835bac03bc4f,zp8,70,1
CFG_835bac03bc4f,zp8,74,2
CFG_8a3f0c7c09a9,zp8,61,1
CFG_8a3f0c7c09a9,zp8,62,2
CFG_8a3f0c7c09a9,zp8,64,4
CFG_8a3f0c7c09a9,zp8,65,3
CFG_8a3f0c7c09a9,zp8,67,2
CFG_8a3f0c7c09a9,zp8,68,2
CFG_8a3f0c7c09a9,zp8,69,3
CFG_8a3f0c7c09a9,zp8,70,3
CFG_8a3f0c7c09a9,zp8,71,4
CFG_8a3f0c7c09a9,zp8,72,2
CFG_8a3f0c7c09a9,zp8,73,1
CFG_8a3f0c7c09a9,zp8,74,1
CFG_8a51f93d684d,zp8,61,70
CFG_8a51f93d684d,zp8,62,47
CFG_8a51f93d684d,zp8,63,68
CFG_8a51f93d684d,zp8,64,4
CFG_8a51f93d684d,zp8,65,69
CFG_8a51f93d684d,zp8,66,72
CFG_8a51f93d684d,zp8,67,44
CFG_8a51f93d684d,zp8,68,66
CFG_8a51f93d684d,zp8,69,48
CFG_8a51f93d684d,zp8,70,61
CFG_8a51f93d684d,zp8,71,71
CFG_8a51f93d684d,zp8,72,48
CFG_8a51f93d684d,zp8,73,44
CFG_8a51f93d684d,zp8,74,73
CFG_8bfc9d62299c,zp8,61,36
CFG_8bfc9d62299c,zp8,62,54
CFG_8bfc9d62299c,zp8,63,49
CFG_8bfc9d62299c,zp8,64,74
CFG_8bfc9d62299c,zp8,65,44
CFG_8bfc9d62299c,zp8,66,39
CFG_8bfc9d62299c,zp8,67,55
CFG_8bfc9d62299c,zp8,68,40
CFG_8bfc9d62299c,zp8,69,55
CFG_8bfc9d62299c,zp8,70,41
CFG_8bfc9d62299c,zp8,71,44
CFG_8bfc9d62299c,zp8,72,52
CFG_8bfc9d62299c,zp8,73,52
CFG_8bfc9d62299c,zp8,74,40
CFG_8f2957e28805,zp8,61,5
CFG_8f2957e28805,zp8,62,8
CFG_8f2957e28805,zp8,63,5
CFG_8f2957e28805,zp8,65,7
CFG_8f2957e28805,zp8,66,3
CFG_8f2957e28805,zp8,67,2
CFG_8f2957e28805,zp8,68,10
CFG_8f2957e28805,zp8,69,7
CFG_8f2957e28805,zp8,70,5
CFG_8f2957e28805,zp8,71,6
CFG_8f2957e28805,zp8,72,2
CFG_8f2957e28805,zp8,73,1
CFG_8f2957e28805,zp8,74,12
CFG_9178f775d49a,zp8,61,75
CFG_9178f775d49a,zp8,62,45
CFG_9178f775d49a,zp8,63,54
CFG_9178f775d49a,zp8,64,25
CFG_9178f775d49a,zp8,65,71
CFG_9178f775d49a,zp8,66,63
CFG_9178f775d49a,zp8,67,61
CFG_9178f775d49a,zp8,68,64
CFG_9178f775d49a,zp8,69,49
CFG_9178f775d49a,zp8,70,60
CFG_9178f775d49a,zp8,71,69
CFG_9178f775d49a,zp8,72,61
CFG_9178f775d49a,zp8,73,59
CFG_9178f775d49a,zp8,74,64
CFG_939ca62c69c2,zp8,61,45
CFG_939ca62c69c2,zp8,62,31
CFG_939ca62c69c2,zp8,63,30
CFG_939ca62c69c2,zp8,64,8
CFG_939ca62c69c2,zp8,65,42
CFG_939ca62c69c2,zp8,66,33
CFG_939ca62c69c2,zp8,67,29
CFG_939ca62c69c2,zp8,68,43
CFG_939ca62c69c2,zp8,69,29
CFG_939ca62c69c2,zp8,70,37
CFG_939ca62c69c2,zp8,71,44
CFG_939ca62c69c2,zp8,72,25
CFG_939ca62c69c2,zp8,73,29
CFG_939ca62c69c2,zp8,74,43
CFG_99b4d8a9c762,zp8,61,4
CFG_99b4d8a9c762,zp8,62,6
CFG_99b4d8a9c762,zp8,63,8
CFG_99b4d8a9c762,zp8,64,6
CFG_99b4d8a9c762,zp8,65,11
CFG_99b4d8a9c762,zp8,66,8
CFG_99b4d8a9c762,zp8,67,5
CFG_99b4d8a9c762,zp8,68,4
CFG_99b4d8a9c762,zp8,69,9
CFG_99b4d8a9c762,zp8,70,12
CFG_99b4d8a9c762,zp8,71,10
CFG_99b4d8a9c762,zp8,72,11
CFG_99b4d8a9c762,zp8,73,2
CFG_99b4d8a9c762,zp8,74,5
CFG_9c659499047b,zp8,61,45
CFG_9c659499047b,zp8,62,30
CFG_9c659499047b,zp8,63,51
CFG_9c659499047b,zp8,64,11
CFG_9c659499047b,zp8,65,49
CFG_9c659499047b,zp8,66,53
CFG_9c659499047b,zp8,67,25
CFG_9c659499047b,zp8,68,49
CFG_9c659499047b,zp8,69,37
CFG_9c659499047b,zp8,70,58
CFG_9c659499047b,zp8,71,55
CFG_9c659499047b,zp8,72,29
CFG_9c659499047b,zp8,73,33
CFG_9c659499047b,zp8,74,42
CFG_9d161c4fa884,zp8,61,1
CFG_9d161c4fa884,zp8,66,1
CFG_a1d878e7d840,zp8,61,25
CFG_a1d878e7d840,zp8,62,10
CFG_a1d878e7d840,zp8,63,20
CFG_a1d878e7d840,zp8,64,2
CFG_a1d878e7d840,zp8,65,22
CFG_a1d878e7d840,zp8,66,28
CFG_a1d878e7d840,zp8,67,12
CFG_a1d878e7d840,zp8,68,19
CFG_a1d878e7d840,zp8,69,13
CFG_a1d878e7d840,zp8,70,20
CFG_a1d878e7d840,zp8,71,23
CFG_a1d878e7d840,zp8,72,24
CFG_a1d878e7d840,zp8,73,11
CFG_a1d878e7d840,zp8,74,20
CFG_a1ebd0490272,zp8,61,7
CFG_a1ebd0490272,zp8,62,6
CFG_a1ebd0490272,zp8,63,6
CFG_a1ebd0490272,zp8,64,3
CFG_a1ebd0490272,zp8,65,8
CFG_a1ebd0490272,zp8,66,9
CFG_a1ebd0490272,zp8,67,5
CFG_a1ebd0490272,zp8,68,8
CFG_a1ebd0490272,zp8,69,5
CFG_a1ebd0490272,zp8,70,7
CFG_a1ebd0490272,zp8,71,9
CFG_a1ebd0490272,zp8,72,8
CFG_a1ebd0490272,zp8,73,5
CFG_a1ebd0490272,zp8,74,8
CFG_a292c20a75fd,zp8,61,20
CFG_a292c20a75fd,zp8,62,6
CFG_a292c20a75fd,zp8,63,9
CFG_a292c20a75fd,zp8,64,2
CFG_a292c20a75fd,zp8,65,14
CFG_a292c20a75fd,zp8,66,11
CFG_a292c20a75fd,zp8,67,6
CFG_a292c20a75fd,zp8,68,7
CFG_a292c20a75fd,zp8,69,5
CFG_a292c20a75fd,zp8,70,5
CFG_a292c20a75fd,zp8,71,14
CFG_a292c20a75fd,zp8,72,10
CFG_a292c20a75fd,zp8,73,10
CFG_a292c20a75fd,zp8,74,6
CFG_a34f76b67ef4,zp8,61,24
CFG_a34f76b67ef4,zp8,62,33
CFG_a34f76b67ef4,zp8,63,29
CFG_a34f76b67ef4,zp8,64,68
CFG_a34f76b67ef4,zp8,65,24
CFG_a34f76b67ef4,zp8,66,12
CFG_a34f76b67ef4,zp8,67,45
CFG_a34f76b67ef4,zp8,68,15
CFG_a34f76b67ef4,zp8,69,33
CFG_a34f76b67ef4,zp8,70,26
CFG_a34f76b67ef4,zp8,71,22
CFG_a34f76b67ef4,zp8,72,35
CFG_a34f76b67ef4,zp8,73,46
CFG_a34f76b67ef4,zp8,74,12
CFG_a9714f85f877,zp8,61,2
CFG_a9714f85f877,zp8,62,4
CFG_a9714f85f877,zp8,63,2
CFG_a9714f85f877,zp8,65,2
CFG_a9714f85f877,zp8,66,4
CFG_a9714f85f877,zp8,67,1
CFG_a9714f85f877,zp8,68,4
CFG_a9714f85f877,zp8,69,3
CFG_a9714f85f877,zp8,70,4
CFG_a9714f85f877,zp8,71,3
CFG_a9714f85f877,zp8,72,3
CFG_a9714f85f877,zp8,74,5
CFG_ac213567a5a2,zp8,61,18
CFG_ac213567a5a2,zp8,62,20
CFG_ac213567a5a2,zp8,63,19
CFG_ac213567a5a2,zp8,64,32
CFG_ac213567a5a2,zp8,65,15
CFG_ac213567a5a2,zp8,66,15
CFG_ac213567a5a2,zp8,67,26
CFG_ac213567a5a2,zp8,68,16
CFG_ac213567a5a2,zp8,69,26
CFG_ac213567a5a2,zp8,70,24
CFG_ac213567a5a2,zp8,71,13
CFG_ac213567a5a2,zp8,72,19
CFG_ac213567a5a2,zp8,73,27
CFG_ac213567a5a2,zp8,74,18
CFG_acabbc62a021,zp8,61,10
CFG_acabbc62a021,zp8,62,6
CFG_acabbc62a021,zp8,63,11
CFG_acabbc62a021,zp8,65,8
CFG_acabbc62a021,zp8,66,9
CFG_acabbc62a021,zp8,67,5
CFG_acabbc62a021,zp8,68,12
CFG_acabbc62a021,zp8,69,8
CFG_acabbc62a021,zp8,70,11
CFG_acabbc62a021,zp8,71,7
CFG_acabbc62a021,zp8,72,5
CFG_acabbc62a021,zp8,73,5
CFG_acabbc62a021,zp8,74,11
CFG_b04e3d146803,zp8,61,13
CFG_b04e3d146803,zp8,62,3
CFG_b04e3d146803,zp8,63,9
CFG_b04e3d146803,zp8,64,2
CFG_b04e3d146803,zp8,65,10
CFG_b04e3d146803,zp8,66,8
CFG_b04e3d146803,zp8,67,10
CFG_b04e3d146803,zp8,68,8
CFG_b04e3d146803,zp8,69,8
CFG_b04e3d146803,zp8,70,6
CFG_b04e3d146803,zp8,71,11
CFG_b04e3d146803,zp8,72,5
CFG_b04e3d146803,zp8,73,9
CFG_b04e3d146803,zp8,74,9
CFG_b0eabb76b70f,zp8,61,4
CFG_b0eabb76b70f,zp8,62,3
CFG_b0eabb76b70f,zp8,63,3
CFG_b0eabb76b70f,zp8,64,2
CFG_b0eabb76b70f,zp8,65,3
CFG_b0eabb76b70f,zp8,66,3
CFG_b0eabb76b70f,zp8,67,2
CFG_b0eabb76b70f,zp8,68,3
CFG_b0eabb76b70f,zp8,69,2
CFG_b0eabb76b70f,zp8,70,5
CFG_b0eabb76b70f,zp8,71,3
CFG_b0eabb76b70f,zp8,72,3
CFG_b0eabb76b70f,zp8,73,3
CFG_b0eabb76b70f,zp8,74,3
CFG_b2a3cbb134c5,zp8,61,82
CFG_b2a3cbb134c5,zp8,62,64
CFG_b2a3cbb134c5,zp8,63,70
CFG_b2a3cbb134c5,zp8,64,25
CFG_b2a3cbb134c5,zp8,65,73
CFG_b2a3cbb134c5,zp8,66,102
CFG_b2a3cbb134c5,zp8,67,61
CFG_b2a3cbb134c5,zp8,68,89
CFG_b2a3cbb134c5,zp8,69,70
CFG_b2a3cbb134c5,zp8,70,91
CFG_b2a3cbb134c5,zp8,71,70
CFG_b2a3cbb134c5,zp8,72,73
CFG_b2a3cbb134c5,zp8,73,59
CFG_b2a3cbb134c5,zp8,74,83
CFG_b2bb984b770a,zp8,61,2
CFG_b2bb984b770a,zp8,62,1
CFG_b2bb984b770a,zp8,63,2
CFG_b2bb984b770a,zp8,65,3
CFG_b2bb984b770a,zp8,66,1
CFG_b2bb984b770a,zp8,68,2
CFG_b2bb984b770a,zp8,69,2
CFG_b2bb984b770a,zp8,70,1
CFG_b2bb984b770a,zp8,71,4
CFG_b2bb984b770a,zp8,72,1
CFG_b2bb984b770a,zp8,73,1
CFG_b2bb984b770a,zp8,74,1
CFG_b4fe1465527a,zp8,69,1
CFG_b8e6a5652de1,zp8,61,35
CFG_b8e6a5652de1,zp8,62,20
CFG_b8e6a5652de1,zp8,63,21
CFG_b8e6a5652de1,zp8,64,10
CFG_b8e6a5652de1,zp8,65,42
CFG_b8e6a5652de1,zp8,66,28
CFG_b8e6a5652de1,zp8,67,21
CFG_b8e6a5652de1,zp8,68,27
CFG_b8e6a5652de1,zp8,69,23
CFG_b8e6a5652de1,zp8,70,25
CFG_b8e6a5652de1,zp8,71,45
CFG_b8e6a5652de1,zp8,72,25
CFG_b8e6a5652de1,zp8,73,23
CFG_b8e6a5652de1,zp8,74,26
CFG_bbea204eb2ac,zp8,61,16
CFG_bbea204eb2ac,zp8,62,13
CFG_bbea204eb2ac,zp8,63,12
CFG_bbea204eb2ac,zp8,64,4
CFG_bbea204eb2ac,zp8,65,16
CFG_bbea204eb2ac,zp8,66,13
CFG_bbea204eb2ac,zp8,67,9
CFG_bbea204eb2ac,zp8,68,20
CFG_bbea204eb2ac,zp8,69,6
CFG_bbea204eb2ac,zp8,70,8
CFG_bbea204eb2ac,zp8,71,14
CFG_bbea204eb2ac,zp8,72,14
CFG_bbea204eb2ac,zp8,73,13
CFG_bbea204eb2ac,zp8,74,18
CFG_bd6412fc68b0,zp8,61,4
CFG_bd6412fc68b0,zp8,62,25
CFG_bd6412fc68b0,zp8,63,18
CFG_bd6412fc68b0,zp8,64,58
CFG_bd6412fc68b0,zp8,65,15
CFG_bd6412fc68b0,zp8,66,8
CFG_bd6412fc68b0,zp8,67,31
CFG_bd6412fc68b0,zp8,68,10
CFG_bd6412fc68b0,zp8,69,25
CFG_bd6412fc68b0,zp8,70,18
CFG_bd6412fc68b0,zp8,71,16
CFG_bd6412fc68b0,zp8,72,22
CFG_bd6412fc68b0,zp8,73,30
CFG_bd6412fc68b0,zp8,74,9
CFG_be784e24b621,zp8,61,48
CFG_be784e24b621,zp8,62,28
CFG_be784e24b621,zp8,63,37
CFG_be784e24b621,zp8,64,22
CFG_be784e24b621,zp8,65,35
CFG_be784e24b621,zp8,66,49
CFG_be784e24b621,zp8,67,30
CFG_be784e24b621,zp8,68,37
CFG_be784e24b621,zp8,69,30
CFG_be784e24b621,zp8,70,47
CFG_be784e24b621,zp8,71,34
CFG_be784e24b621,zp8,72,40
CFG_be784e24b621,zp8,73,29
CFG_be784e24b621,zp8,74,39
CFG_c910518048de,zp8,61,9
CFG_c910518048de,zp8,62,10
CFG_c910518048de,zp8,63,5
CFG_c910518048de,zp8,64,2
CFG_c910518048de,zp8,65,14
CFG_c910518048de,zp8,66,9
CFG_c910518048de,zp8,67,6
CFG_c910518048de,zp8,68,9
CFG_c910518048de,zp8,69,7
CFG_c910518048de,zp8,70,9
CFG_c910518048de,zp8,71,16
CFG_c910518048de,zp8,72,6
CFG_c910518048de,zp8,73,6
CFG_c910518048de,zp8,74,10
CFG_c94b44f1b2f9,zp8,61,6
CFG_c94b44f1b2f9,zp8,62,19
CFG_c94b44f1b2f9,zp8,63,15
CFG_c94b44f1b2f9,zp8,64,29
CFG_c94b44f1b2f9,zp8,65,12
CFG_c94b44f1b2f9,zp8,66,6
CFG_c94b44f1b2f9,zp8,67,20
CFG_c94b44f1b2f9,zp8,68,16
CFG_c94b44f1b2f9,zp8,69,18
CFG_c94b44f1b2f9,zp8,70,9
CFG_c94b44f1b2f9,zp8,71,11
CFG_c94b44f1b2f9,zp8,72,13
CFG_c94b44f1b2f9,zp8,73,20
CFG_c94b44f1b2f9,zp8,74,13
CFG_cc5bbb6e9d13,zp8,61,15
CFG_cc5bbb6e9d13,zp8,62,9
CFG_cc5bbb6e9d13,zp8,63,6
CFG_cc5bbb6e9d13,zp8,64,2
CFG_cc5bbb6e9d13,zp8,65,9
CFG_cc5bbb6e9d13,zp8,66,9
CFG_cc5bbb6e9d13,zp8,67,9
CFG_cc5bbb6e9d13,zp8,68,14
CFG_cc5bbb6e9d13,zp8,69,6
CFG_cc5bbb6e9d13,zp8,70,13
CFG_cc5bbb6e9d13,zp8,71,10
CFG_cc5bbb6e9d13,zp8,72,5
CFG_cc5bbb6e9d13,zp8,73,9
CFG_cc5bbb6e9d13,zp8,74,14
CFG_cdb458536382,zp8,63,1
CFG_cdb458536382,zp8,65,1
CFG_cdb458536382,zp8,66,2
CFG_cdb458536382,zp8,70,2
CFG_cdb458536382,zp8,71,1
CFG_ce5b3e9775e9,zp8,61,1
CFG_ce5b3e9775e9,zp8,65,1
CFG_ce5b3e9775e9,zp8,71,1
CFG_ce5b3e9775e9,zp8,73,1
CFG_ceef49456daa,zp8,61,11
CFG_ceef49456daa,zp8,62,10
CFG_ceef49456daa,zp8,63,11
CFG_ceef49456daa,zp8,64,2
CFG_ceef49456daa,zp8,65,14
CFG_ceef49456daa,zp8,66,16
CFG_ceef49456daa,zp8,67,7
CFG_ceef49456daa,zp8,68,14
CFG_ceef49456daa,zp8,69,10
CFG_ceef49456daa,zp8,70,10
CFG_ceef49456daa,zp8,71,16
CFG_ceef49456daa,zp8,72,12
CFG_ceef49456daa,zp8,73,6
CFG_ceef49456daa,zp8,74,16
CFG_cf541d0f8a3a,zp8,61,49
CFG_cf541d0f8a3a,zp8,62,46
CFG_cf541d0f8a3a,zp8,63,56
CFG_cf541d0f8a3a,zp8,64,18
CFG_cf541d0f8a3a,zp8,65,44
CFG_cf541d0f8a3a,zp8,66,68
CFG_cf541d0f8a3a,zp8,67,31
CFG_cf541d0f8a3a,zp8,68,60
CFG_cf541d0f8a3a,zp8,69,46
CFG_cf541d0f8a3a,zp8,70,52
CFG_cf541d0f8a3a,zp8,71,49
CFG_cf541d0f8a3a,zp8,72,41
CFG_cf541d0f8a3a,zp8,73,37
CFG_cf541d0f8a3a,zp8,74,61
CFG_cf6528e23789,zp8,61,5
CFG_cf6528e23789,zp8,62,6
CFG_cf6528e23789,zp8,63,6
CFG_cf6528e23789,zp8,64,2
CFG_cf6528e23789,zp8,65,8
CFG_cf6528e23789,zp8,66,3
CFG_cf6528e23789,zp8,67,4
CFG_cf6528e23789,zp8,68,6
CFG_cf6528e23789,zp8,69,7
CFG_cf6528e23789,zp8,70,4
CFG_cf6528e23789,zp8,71,7
CFG_cf6528e23789,zp8,72,3
CFG_cf6528e23789,zp8,73,3
CFG_cf6528e23789,zp8,74,7
CFG_d0face5aa80d,zp8,61,7
CFG_d0face5aa80d,zp8,62,7
CFG_d0face5aa80d,zp8,63,7
CFG_d0face5aa80d,zp8,64,6
CFG_d0face5aa80d,zp8,65,6
CFG_d0face5aa80d,zp8,66,10
CFG_d0face5aa80d,zp8,67,8
CFG_d0face5aa80d,zp8,68,5
CFG_d0face5aa80d,zp8,69,7
CFG_d0face5aa80d,zp8,70,12
CFG_d0face5aa80d,zp8,71,7
CFG_d0face5aa80d,zp8,72,7
CFG_d0face5aa80d,zp8,73,5
CFG_d0face5aa80d,zp8,74,6
CFG_d39c77a1a4bf,zp8,61,24
CFG_d39c77a1a4bf,zp8,62,12
CFG_d39c77a1a4bf,zp8,63,13
CFG_d39c77a1a4bf,zp8,64,10
CFG_d39c77a1a4bf,zp8,65,19
CFG_d39c77a1a4bf,zp8,66,21
CFG_d39c77a1a4bf,zp8,67,17
CFG_d39c77a1a4bf,zp8,68,20
CFG_d39c77a1a4bf,zp8,69,15
CFG_d39c77a1a4bf,zp8,70,17
CFG_d39c77a1a4bf,zp8,71,18
CFG_d39c77a1a4bf,zp8,72,14
CFG_d39c77a1a4bf,zp8,73,15
CFG_d39c77a1a4bf,zp8,74,21
CFG_d7aadf87f0b1,zp8,61,31
CFG_d7aadf87f0b1,zp8,62,8
CFG_d7aadf87f0b1,zp8,63,28
CFG_d7aadf87f0b1,zp8,65,19
CFG_d7aadf87f0b1,zp8,66,18
CFG_d7aadf87f0b1,zp8,67,16
CFG_d7aadf87f0b1,zp8,68,18
CFG_d7aadf87f0b1,zp8,69,14
CFG_d7aadf87f0b1,zp8,70,20
CFG_d7aadf87f0b1,zp8,71,19
CFG_d7aadf87f0b1,zp8,72,15
CFG_d7aadf87f0b1,zp8,73,19
CFG_d7aadf87f0b1,zp8,74,20
CFG_d96b0c9e44d0,zp8,61,42
CFG_d96b0c9e44d0,zp8,62,40
CFG_d96b0c9e44d0,zp8,63,44
CFG_d96b0c9e44d0,zp8,64,29
CFG_d96b0c9e44d0,zp8,65,41
CFG_d96b0c9e44d0,zp8,66,37
CFG_d96b0c9e44d0,zp8,67,38
CFG_d96b0c9e44d0,zp8,68,43
CFG_d96b0c9e44d0,zp8,69,41
CFG_d96b0c9e44d0,zp8,70,42
CFG_d96b0c9e44d0,zp8,71,44
CFG_d96b0c9e44d0,zp8,72,30
CFG_d96b0c9e44d0,zp8,73,35
CFG_d96b0c9e44d0,zp8,74,42
CFG_db37bdfe8c71,zp8,61,8
CFG_db37bdfe8c71,zp8,62,4
CFG_db37bdfe8c71,zp8,63,12
CFG_db37bdfe8c71,zp8,64,6
CFG_db37bdfe8c71,zp8,65,8
CFG_db37bdfe8c71,zp8,66,9
CFG_db37bdfe8c71,zp8,67,8
CFG_db37bdfe8c71,zp8,68,5
CFG_db37bdfe8c71,zp8,69,8
CFG_db37bdfe8c71,zp8,70,5
CFG_db37bdfe8c71,zp8,71,7
CFG_db37bdfe8c71,zp8,72,10
CFG_db37bdfe8c71,zp8,73,4
CFG_db37bdfe8c71,zp8,74,4
CFG_dda2f907b868,zp8,61,7
CFG_dda2f907b868,zp8,62,10
CFG_dda2f907b868,zp8,63,11
CFG_dda2f907b868,zp8,64,4
CFG_dda2f907b868,zp8,65,8
CFG_dda2f907b868,zp8,66,9
CFG_dda2f907b868,zp8,67,7
CFG_dda2f907b868,zp8,68,10
CFG_dda2f907b868,zp8,69,10
CFG_dda2f907b868,zp8,70,3
CFG_dda2f907b868,zp8,71,8
CFG_dda2f907b868,zp8,72,7
CFG_dda2f907b868,zp8,73,4
CFG_dda2f907b868,zp8,74,11
CFG_de29bb20eaa6,zp8,61,21
CFG_de29bb20eaa6,zp8,62,15
CFG_de29bb20eaa6,zp8,63,14
CFG_de29bb20eaa6,zp8,64,4
CFG_de29bb20eaa6,zp8,65,15
CFG_de29bb20eaa6,zp8,66,15
CFG_de29bb20eaa6,zp8,67,14
CFG_de29bb20eaa6,zp8,68,19
CFG_de29bb20eaa6,zp8,69,12
CFG_de29bb20eaa6,zp8,70,17
CFG_de29bb20eaa6,zp8,71,12
CFG_de29bb20eaa6,zp8,72,14
CFG_de29bb20eaa6,zp8,73,12
CFG_de29bb20eaa6,zp8,74,22
CFG_deda15f4c4a8,zp8,61,45
CFG_deda15f4c4a8,zp8,62,39
CFG_deda15f4c4a8,zp8,63,47
CFG_deda15f4c4a8,zp8,64,21
CFG_deda15f4c4a8,zp8,65,39
CFG_deda15f4c4a8,zp8,66,53
CFG_deda15f4c4a8,zp8,67,31
CFG_deda15f4c4a8,zp8,68,49
CFG_deda15f4c4a8,zp8,69,38
CFG_deda15f4c4a8,zp8,70,46
CFG_deda15f4c4a8,zp8,71,36
CFG_deda15f4c4a8,zp8,72,40
CFG_deda15f4c4a8,zp8,73,28
CFG_deda15f4c4a8,zp8,74,49
CFG_e1e6e0c66c93,zp8,61,38
CFG_e1e6e0c66c93,zp8,62,27
CFG_e1e6e0c66c93,zp8,63,41
CFG_e1e6e0c66c93,zp8,64,10
CFG_e1e6e0c66c93,zp8,65,51
CFG_e1e6e0c66c93,zp8,66,38
CFG_e1e6e0c66c93,zp8,67,27
CFG_e1e6e0c66c93,zp8,68,45
CFG_e1e6e0c66c93,zp8,69,38
CFG_e1e6e0c66c93,zp8,70,49
CFG_e1e6e0c66c93,zp8,71,45
CFG_e1e6e0c66c93,zp8,72,33
CFG_e1e6e0c66c93,zp8,73,30
CFG_e1e6e0c66c93,zp8,74,41
CFG_e3386d946379,zp8,61,11
CFG_e3386d946379,zp8,62,7
CFG_e3386d946379,zp8,63,6
CFG_e3386d946379,zp8,64,3
CFG_e3386d946379,zp8,65,9
CFG_e3386d946379,zp8,66,9
CFG_e3386d946379,zp8,67,10
CFG_e3386d946379,zp8,68,9
CFG_e3386d946379,zp8,69,5
CFG_e3386d946379,zp8,70,6
CFG_e3386d946379,zp8,71,8
CFG_e3386d946379,zp8,72,7
CFG_e3386d946379,zp8,73,10
CFG_e3386d946379,zp8,74,9
CFG_e3950fd94ca1,zp8,61,37
CFG_e3950fd94ca1,zp8,62,22
CFG_e3950fd94ca1,zp8,63,41
CFG_e3950fd94ca1,zp8,64,12
CFG_e3950fd94ca1,zp8,65,32
CFG_e3950fd94ca1,zp8,66,33
CFG_e3950fd94ca1,zp8,67,25
CFG_e3950fd94ca1,zp8,68,25
CFG_e3950fd94ca1,zp8,69,39
CFG_e3950fd94ca1,zp8,70,32
CFG_e3950fd94ca1,zp8,71,34
CFG_e3950fd94ca1,zp8,72,30
CFG_e3950fd94ca1,zp8,73,27
CFG_e3950fd94ca1,zp8,74,24
CFG_e87513c8563d,zp8,61,10
CFG_e87513c8563d,zp8,62,5
CFG_e87513c8563d,zp8,63,13
CFG_e87513c8563d,zp8,64,10
CFG_e87513c8563d,zp8,65,17
CFG_e87513c8563d,zp8,66,10
CFG_e87513c8563d,zp8,67,11
CFG_e87513c8563d,zp8,68,7
CFG_e87513c8563d,zp8,69,7
CFG_e87513c8563d,zp8,70,18
CFG_e87513c8563d,zp8,71,16
CFG_e87513c8563d,zp8,72,13
CFG_e87513c8563d,zp8,73,13
CFG_e87513c8563d,zp8,74,5
CFG_f18488ce1456,zp8,61,91
CFG_f18488ce1456,zp8,62,82
CFG_f18488ce1456,zp8,63,104
CFG_f18488ce1456,zp8,64,57
CFG_f18488ce1456,zp8,65,107
CFG_f18488ce1456,zp8,66,101
CFG_f18488ce1456,zp8,67,66
CFG_f18488ce1456,zp8,68,97
CFG_f18488ce1456,zp8,69,80
CFG_f18488ce1456,zp8,70,96
CFG_f18488ce1456,zp8,71,106
CFG_f18488ce1456,zp8,72,92
CFG_f18488ce1456,zp8,73,82
CFG_f18488ce1456,zp8,74,90
CFG_f764ab45c11f,zp8,66,1
CFG_f764ab45c11f,zp8,72,1
CFG_f90a73d2a477,zp8,61,3
CFG_f90a73d2a477,zp8,63,1
CFG_f90a73d2a477,zp8,65,2
CFG_f90a73d2a477,zp8,66,5
CFG_f90a73d2a477,zp8,67,1
CFG_f90a73d2a477,zp8,68,1
CFG_f90a73d2a477,zp8,69,3
CFG_f90a73d2a477,zp8,70,5
CFG_f90a73d2a477,zp8,71,2
CFG_f90a73d2a477,zp8,72,1
CFG_f90a73d2a477,zp8,73,2
CFG_f90a73d2a477,zp8,74,1
CFG_f993a0fc6256,zp8,61,5
CFG_f993a0fc6256,zp8,62,9
CFG_f993a0fc6256,zp8,63,8
CFG_f993a0fc6256,zp8,64,7
CFG_f993a0fc6256,zp8,65,9
CFG_f993a0fc6256,zp8,66,8
CFG_f993a0fc6256,zp8,67,5
CFG_f993a0fc6256,zp8,68,10
CFG_f993a0fc6256,zp8,69,10
CFG_f993a0fc6256,zp8,70,14
CFG_f993a0fc6256,zp8,71,10
CFG_f993a0fc6256,zp8,72,7
CFG_f993a0fc6256,zp8,73,3
CFG_f993a0fc6256,zp8,74,9
CFG_ffde3ea1b2e3,zp8,61,36
CFG_ffde3ea1b2e3,zp8,62,47
CFG_ffde3ea1b2e3,zp8,63,34
CFG_ffde3ea1b2e3,zp8,64,68
CFG_ffde3ea1b2e3,zp8,65,36
CFG_ffde3ea1b2e3,zp8,66,38
CFG_ffde3ea1b2e3,zp8,67,46
CFG_ffde3ea1b2e3,zp8,68,41
CFG_ffde3ea1b2e3,zp8,69,49
CFG_ffde3ea1b2e3,zp8,70,37
CFG_ffde3ea1b2e3,zp8,71,32
CFG_ffde3ea1b2e3,zp8,72,46
CFG_ffde3ea1b2e3,zp8,73,47
CFG_ffde3ea1b2e3,zp8,74,41
