product_id,due_period,gross_requirement_units
BEV,61,52
BEV,62,293
BEV,63,159
BEV,64,709
BEV,65,76
BEV,66,64
BEV,67,384
BEV,68,59
BEV,69,275
BEV,70,182
BEV,71,68
BEV,72,274
BEV,73,357
BEV,74,51
D02,61,43
D02,62,33
D02,63,44
D02,64,15
D02,65,57
D02,66,48
D02,67,30
D02,68,53
D02,69,43
D02,70,53
D02,71,51
D02,72,44
D02,73,33
D02,74,49
D2I,61,32
D2I,62,41
D2I,63,37
D2I,64,68
D2I,65,35
D2I,66,20
D2I,67,49
D2I,68,27
D2I,69,39
D2I,70,34
D2I,71,34
D2I,72,40
D2I,73,52
D2I,74,22
D33,61,168
D33,62,136
D33,63,150
D33,64,63
D33,65,135
D33,66,178
D33,67,112
D33,68,178
D33,69,122
D33,70,145
D33,71,136
D33,72,125
D33,73,122
D33,74,178
D36,61,3
D36,63,3
D36,65,1
D36,66,5
D36,67,2
D36,68,3
D36,69,1
D36,70,2
D36,71,1
D36,73,2
D36,74,3
D60,61,25
D60,62,10
D60,63,20
D60,64,2
D60,65,22
D60,66,28
D60,67,12
D60,68,19
D60,69,13
D60,70,20
D60,71,23
D60,72,24
D60,73,11
D60,74,20
D64,61,94
D64,62,129
D64,63,93
D64,64,180
D64,65,82
D64,66,80
D64,67,135
D64,68,96
D64,69,113
D64,70,105
D64,71,90
D64,72,117
D64,73,134
D64,74,102
D80,61,65
D80,62,83
D80,63,64
D80,64,99
D80,65,51
D80,66,56
D80,67,80
D80,68,74
D80,69,81
D80,70,55
D80,71,51
D80,72,69
D80,73,76
D80,74,75
D83,61,52
D83,62,293
D83,63,159
D83,64,709
D83,65,76
D83,66,64
D83,67,384
D83,68,59
D83,69,275
D83,70,182
D83,71,68
D83,72,274
D83,73,357
D83,74,51
DB0,61,11
DB0,62,8
DB0,63,6
DB0,64,3
DB0,65,9
DB0,66,9
DB0,67,10
DB0,68,10
DB0,69,5
DB0,70,7
DB0,71,8
DB0,72,7
DB0,73,10
DB0,74,10
DB8,61,11
DB8,62,13
DB8,63,15
DB8,64,8
DB8,65,20
DB8,66,11
DB8,67,11
DB8,68,11
DB8,69,16
DB8,70,17
DB8,71,18
DB8,72,14
DB8,73,5
DB8,74,15
DE2,61,4
DE2,62,1
DE2,63,6
DE2,64,2
DE2,65,2
DE2,66,5
DE2,67,3
DE2,68,2
DE2,69,3
DE2,70,1
DE2,71,3
DE2,72,4
DE2,73,3
DE2,74,2
DE4,61,16
DE4,62,39
DE4,63,32
DE4,64,66
DE4,65,31
DE4,66,24
DE4,67,41
DE4,68,25
DE4,69,41
DE4,70,31
DE4,71,34
DE4,72,37
DE4,73,37
DE4,74,26
DE5,61,66
DE5,62,51
DE5,63,61
DE5,64,36
DE5,65,57
DE5,66,82
DE5,67,50
DE5,68,69
DE5,69,52
DE5,70,61
DE5,71,58
DE5,72,64
DE5,73,49
DE5,74,71
DF4,61,7
DF4,62,1
DF4,63,4
DF4,65,6
DF4,66,3
DF4,67,3
DF4,68,2
DF4,69,1
DF4,70,4
DF4,71,6
DF4,72,2
DF4,73,5
DF4,74,2
DF6,61,5
DF6,62,8
DF6,63,5
DF6,65,7
DF6,66,3
DF6,67,2
DF6,68,10
DF6,69,7
DF6,70,5
DF6,71,6
DF6,72,2
DF6,73,1
DF6,74,12
DG6,61,299
DG6,62,237
DG6,63,279
DG6,64,142
DG6,65,316
DG6,66,296
DG6,67,233
DG6,68,291
DG6,69,245
DG6,70,263
DG6,71,324
DG6,72,245
DG6,73,232
DG6,74,295
DG8,61,161
DG8,62,144
DG8,63,167
DG8,64,96
DG8,65,172
DG8,66,170
DG8,67,117
DG8,68,173
DG8,69,144
DG8,70,153
DG8,71,176
DG8,72,142
DG8,73,151
DG8,74,161
DK7,61,38
DK7,62,77
DK7,63,49
DK7,64,112
DK7,65,58
DK7,66,40
DK7,67,79
DK7,68,48
DK7,69,68
DK7,70,68
DK7,71,54
DK7,72,64
DK7,73,69
DK7,74,52
DK8,61,260
DK8,62,181
DK8,63,202
DK8,64,125
DK8,65,234
DK8,66,218
DK8,67,183
DK8,68,217
DK8,69,175
DK8,70,201
DK8,71,229
DK8,72,191
DK8,73,187
DK8,74,225
DK9,61,12
DK9,62,17
DK9,63,7
DK9,64,6
DK9,65,17
DK9,66,10
DK9,67,11
DK9,68,21
DK9,69,11
DK9,70,11
DK9,71,17
DK9,72,8
DK9,73,10
DK9,74,20
DM4,61,15
DM4,62,4
DM4,63,14
DM4,64,2
DM4,65,12
DM4,66,10
DM4,67,9
DM4,68,8
DM4,69,11
DM4,70,7
DM4,71,12
DM4,72,7
DM4,73,8
DM4,74,7
DN1,61,5
DN1,62,1
DN1,63,11
DN1,65,7
DN1,66,8
DN1,67,2
DN1,68,1
DN1,69,6
DN1,70,2
DN1,71,8
DN1,72,3
DN1,73,4
DN1,74,2
DN4,61,278
DN4,62,253
DN4,63,287
DN4,64,158
DN4,65,284
DN4,66,316
DN4,67,223
DN4,68,283
DN4,69,292
DN4,70,296
DN4,71,290
DN4,72,259
DN4,73,213
DN4,74,278
DN6,61,12
DN6,62,7
DN6,63,15
DN6,64,8
DN6,65,11
DN6,66,12
DN6,67,10
DN6,68,8
DN6,69,10
DN6,70,10
DN6,71,10
DN6,72,13
DN6,73,7
DN6,74,7
DP2,61,42
DP2,62,40
DP2,63,46
DP2,64,12
DP2,65,45
DP2,66,45
DP2,67,29
DP2,68,59
DP2,69,40
DP2,70,33
DP2,71,43
DP2,72,40
DP2,73,28
DP2,74,56
DQ4,61,39
DQ4,62,13
DQ4,63,33
DQ4,64,3
DQ4,65,28
DQ4,66,29
DQ4,67,24
DQ4,68,22
DQ4,69,20
DQ4,70,24
DQ4,71,29
DQ4,72,24
DQ4,73,24
DQ4,74,27
DQ9,61,118
DQ9,62,91
DQ9,63,99
DQ9,64,46
DQ9,65,128
DQ9,66,112
DQ9,67,88
DQ9,68,111
DQ9,69,91
DQ9,70,102
DQ9,71,128
DQ9,72,102
DQ9,73,96
DQ9,74,110
DR8,61,29
DR8,62,30
DR8,63,22
DR8,64,11
DR8,65,30
DR8,66,23
DR8,67,18
DR8,68,40
DR8,69,16
DR8,70,22
DR8,71,28
DR8,72,21
DR8,73,21
DR8,74,39
DS9,61,90
DS9,62,59
DS9,63,70
DS9,64,28
DS9,65,67
DS9,66,95
DS9,67,50
DS9,68,80
DS9,69,59
DS9,70,86
DS9,71,65
DS9,72,58
DS9,73,53
DS9,74,83
G0C,61,112
G0C,62,85
G0C,63,100
G0C,64,86
G0C,65,106
G0C,66,82
G0C,67,94
G0C,68,84
G0C,69,80
G0C,70,89
G0C,71,98
G0C,72,93
G0C,73,93
G0C,74,84
G0K,61,661
G0K,62,573
G0K,63,661
G0K,64,420
G0K,65,670
G0K,66,688
G0K,67,540
G0K,68,660
G0K,69,589
G0K,70,631
G0K,71,674
G0K,72,590
G0K,73,569
G0K,74,666
G0L,61,37
G0L,62,39
G0L,63,35
G0L,64,24
G0L,65,40
G0L,66,51
G0L,67,29
G0L,68,48
G0L,69,33
G0L,70,42
G0L,71,40
G0L,72,45
G0L,73,28
G0L,74,46
G0R,61,26
G0R,62,18
G0R,63,28
G0R,64,6
G0R,65,33
G0R,66,26
G0R,67,15
G0R,68,26
G0R,69,22
G0R,70,24
G0R,71,35
G0R,72,17
G0R,73,14
G0R,74,25
G1A,61,268
G1A,62,245
G1A,63,264
G1A,64,166
G1A,65,237
G1A,66,259
G1A,67,234
G1A,68,279
G1A,69,249
G1A,70,214
G1A,71,244
G1A,72,225
G1A,73,221
G1A,74,288
G1C,61,535
G1C,62,452
G1C,63,457
G1C,64,339
G1C,65,525
G1C,66,515
G1C,67,430
G1C,68,513
G1C,69,463
G1C,70,500
G1C,71,524
G1C,72,456
G1C,73,446
G1C,74,509
G1D,61,309
G1D,62,295
G1D,63,296
G1D,64,250
G1D,65,313
G1D,66,315
G1D,67,274
G1D,68,331
G1D,69,289
G1D,70,318
G1D,71,317
G1D,72,300
G1D,73,272
G1D,74,331
G1Z,61,52
G1Z,62,293
G1Z,63,159
G1Z,64,709
G1Z,65,76
G1Z,66,64
G1Z,67,384
G1Z,68,59
G1Z,69,275
G1Z,70,182
G1Z,71,68
G1Z,72,274
G1Z,73,357
G1Z,74,51
Q1A,61,201
Q1A,62,171
Q1A,63,171
Q1A,64,124
Q1A,65,170
Q1A,66,185
Q1A,67,162
Q1A,68,197
Q1A,69,161
Q1A,70,182
Q1A,71,167
Q1A,72,164
Q1A,73,162
Q1A,74,196
Q2J,61,768
Q2J,62,625
Q2J,63,762
Q2J,64,403
Q2J,65,819
Q2J,66,781
Q2J,67,595
Q2J,68,732
Q2J,69,669
Q2J,70,733
Q2J,71,845
Q2J,72,649
Q2J,73,616
Q2J,74,729
Q4H,61,760
Q4H,62,925
Q4H,63,795
Q4H,64,1219
Q4H,65,730
Q4H,66,782
Q4H,67,974
Q4H,68,768
Q4H,69,891
Q4H,70,823
Q4H,71,720
Q4H,72,917
Q4H,73,963
Q4H,74,771
Q4P,61,271
Q4P,62,279
Q4P,63,272
Q4P,64,254
Q4P,65,281
Q4P,66,252
Q4P,67,269
Q4P,68,303
Q4P,69,279
Q4P,70,262
Q4P,71,268
Q4P,72,270
Q4P,73,259
Q4P,74,304
