parent_product_id,component_product_id,component_quantity
DN4,DN4,1
DG6,DG6,1
DK8,DK8,1
DG8,DG8,1
D33,D33,1
DQ9,DQ9,1
D64,D64,1
DS9,DS9,1
DE5,DE5,1
D83,D83,1
D80,D80,1
D02,D02,1
DP2,DP2,1
DK7,DK7,1
DQ4,DQ4,1
D2I,D2I,1
DR8,DR8,1
DE4,DE4,1
D60,D60,1
DB8,DB8,1
DK9,DK9,1
DM4,DM4,1
DN6,DN6,1
DB0,DB0,1
DF6,DF6,1
DN1,DN1,1
DF4,DF4,1
DE2,DE2,1
D36,D36,1
G0K,G0K,1
G1C,G1C,1
G1D,G1D,1
G1A,G1A,1
G0C,G0C,1
G1Z,G1Z,1
G0L,G0L,1
G0R,G0R,1
BEV,BEV,1
Q2J,Q2J,1
Q4H,Q4H,1
Q4P,Q4P,1
Q1A,Q1A,1
componment_seat1,componment_seat1,1
componment_seat2,componment_seat2,1
componment_seat3,componment_seat3,1
componment_seat4,componment_seat4,1
componment_battery1,componment_battery1,1
componment_battery2,componment_battery2,1
componment_battery3,componment_battery3,1
