from_node,to_node,product_id,departure_period,lead_time_days,arrival_period,flow_units,horizon_status
battery-supplier_inv,zp7,BEV,60,1,61,200,within_horizon
engine-supplier_inv,zp7,D02,60,1,61,44,within_horizon
engine-supplier_inv,zp7,D2I,60,1,61,37,within_horizon
engine-supplier_inv,zp7,D33,60,1,61,150,within_horizon
engine-supplier_inv,zp7,D36,60,1,61,3,within_horizon
engine-supplier_inv,zp7,D60,60,1,61,20,within_horizon
engine-supplier_inv,zp7,D64,60,1,61,93,within_horizon
engine-supplier_inv,zp7,D80,60,1,61,64,within_horizon
engine-supplier_inv,zp7,D83,60,1,61,159,within_horizon
engine-supplier_inv,zp7,DB0,60,1,61,6,within_horizon
engine-supplier_inv,zp7,DB8,60,1,61,15,within_horizon
engine-supplier_inv,zp7,DE2,60,1,61,6,within_horizon
engine-supplier_inv,zp7,DE4,60,1,61,32,within_horizon
engine-supplier_inv,zp7,DE5,60,1,61,61,within_horizon
engine-supplier_inv,zp7,DF4,60,1,61,4,within_horizon
engine-supplier_inv,zp7,DF6,60,1,61,5,within_horizon
engine-supplier_inv,zp7,DG6,60,1,61,279,within_horizon
engine-supplier_inv,zp7,DG8,60,1,61,167,within_horizon
engine-supplier_inv,zp7,DK7,60,1,61,49,within_horizon
engine-supplier_inv,zp7,DK8,60,1,61,202,within_horizon
engine-supplier_inv,zp7,DK9,60,1,61,7,within_horizon
engine-supplier_inv,zp7,DM4,60,1,61,14,within_horizon
engine-supplier_inv,zp7,DN1,60,1,61,11,within_horizon
engine-supplier_inv,zp7,DN4,60,1,61,287,within_horizon
engine-supplier_inv,zp7,DN6,60,1,61,15,within_horizon
engine-supplier_inv,zp7,DP2,60,1,61,46,within_horizon
engine-supplier_inv,zp7,DQ4,60,1,61,33,within_horizon
engine-supplier_inv,zp7,DQ9,60,1,61,99,within_horizon
engine-supplier_inv,zp7,DR8,60,1,61,22,within_horizon
engine-supplier_inv,zp7,DS9,60,1,61,70,within_horizon
gear-supplier_inv,zp7,G0C,59,2,61,85,within_horizon
gear-supplier_inv,zp7,G0C,60,2,62,100,within_horizon
gear-supplier_inv,zp7,G0K,59,2,61,573,within_horizon
gear-supplier_inv,zp7,G0K,60,2,62,661,within_horizon
gear-supplier_inv,zp7,G0L,59,2,61,39,within_horizon
gear-supplier_inv,zp7,G0L,60,2,62,35,within_horizon
gear-supplier_inv,zp7,G0R,59,2,61,18,within_horizon
gear-supplier_inv,zp7,G0R,60,2,62,28,within_horizon
gear-supplier_inv,zp7,G1A,59,2,61,245,within_horizon
gear-supplier_inv,zp7,G1A,60,2,62,264,within_horizon
gear-supplier_inv,zp7,G1C,59,2,61,452,within_horizon
gear-supplier_inv,zp7,G1C,60,2,62,457,within_horizon
gear-supplier_inv,zp7,G1D,59,2,61,295,within_horizon
gear-supplier_inv,zp7,G1D,60,2,62,296,within_horizon
gear-supplier_inv,zp7,G1Z,59,2,61,293,within_horizon
gear-supplier_inv,zp7,G1Z,60,2,62,159,within_horizon
battery-supplier_trans,battery-supplier_prod,componment_battery1,46,20,66,9470,within_horizon
battery-supplier_trans,battery-supplier_prod,componment_battery1,53,20,73,4220,within_horizon
battery-supplier_trans,battery-supplier_prod,componment_battery1,60,20,80,4240,after_horizon
battery-supplier_trans,battery-supplier_prod,componment_battery2,46,20,66,5682,within_horizon
battery-supplier_trans,battery-supplier_prod,componment_battery2,53,20,73,2532,within_horizon
battery-supplier_trans,battery-supplier_prod,componment_battery2,60,20,80,2544,after_horizon
battery-supplier_trans,battery-supplier_prod,componment_battery3,46,20,66,3788,within_horizon
battery-supplier_trans,battery-supplier_prod,componment_battery3,53,20,73,1688,within_horizon
battery-supplier_trans,battery-supplier_prod,componment_battery3,60,20,80,1696,after_horizon
seat-supplier_trans,seat-supplier_prod,componment_seat1,39,23,62,4732,within_horizon
seat-supplier_trans,seat-supplier_prod,componment_seat1,46,23,69,5269,within_horizon
seat-supplier_trans,seat-supplier_prod,componment_seat1,53,23,76,5563,after_horizon
seat-supplier_trans,seat-supplier_prod,componment_seat1,60,23,83,5515,after_horizon
seat-supplier_trans,seat-supplier_prod,componment_seat2,39,23,62,6187,within_horizon
seat-supplier_trans,seat-supplier_prod,componment_seat2,46,23,69,5582,within_horizon
seat-supplier_trans,seat-supplier_prod,componment_seat2,53,23,76,5199,after_horizon
seat-supplier_trans,seat-supplier_prod,componment_seat2,60,23,83,5253,after_horizon
seat-supplier_trans,seat-supplier_prod,componment_seat3,39,23,62,1900,within_horizon
seat-supplier_trans,seat-supplier_prod,componment_seat3,46,23,69,1923,within_horizon
seat-supplier_trans,seat-supplier_prod,componment_seat3,53,23,76,1924,after_horizon
seat-supplier_trans,seat-supplier_prod,componment_seat3,60,23,83,1917,after_horizon
seat-supplier_trans,seat-supplier_prod,componment_seat4,39,23,62,1181,within_horizon
seat-supplier_trans,seat-supplier_prod,componment_seat4,46,23,69,1226,within_horizon
seat-supplier_trans,seat-supplier_prod,componment_seat4,53,23,76,1314,after_horizon
seat-supplier_trans,seat-supplier_prod,componment_seat4,60,23,83,1315,after_horizon
battery-supplier_prod,battery-supplier_inv,BEV,60,1,61,159,within_horizon
engine-supplier_prod,engine-supplier_inv,D02,60,1,61,30,within_horizon
engine-supplier_prod,engine-supplier_inv,D2I,60,1,61,49,within_horizon
engine-supplier_prod,engine-supplier_inv,D33,60,1,61,112,within_horizon
engine-supplier_prod,engine-supplier_inv,D36,60,1,61,2,within_horizon
engine-supplier_prod,engine-supplier_inv,D60,60,1,61,12,within_horizon
engine-supplier_prod,engine-supplier_inv,D64,60,1,61,135,within_horizon
engine-supplier_prod,engine-supplier_inv,D80,60,1,61,80,within_horizon
engine-supplier_prod,engine-supplier_inv,D83,60,1,61,384,within_horizon
engine-supplier_prod,engine-supplier_inv,DB0,60,1,61,10,within_horizon
engine-supplier_prod,engine-supplier_inv,DB8,60,1,61,11,within_horizon
engine-supplier_prod,engine-supplier_inv,DE2,60,1,61,3,within_horizon
engine-supplier_prod,engine-supplier_inv,DE4,60,1,61,41,within_horizon
engine-supplier_prod,engine-supplier_inv,DE5,60,1,61,50,within_horizon
engine-supplier_prod,engine-supplier_inv,DF4,60,1,61,3,within_horizon
engine-supplier_prod,engine-supplier_inv,DF6,60,1,61,2,within_horizon
engine-supplier_prod,engine-supplier_inv,DG6,60,1,61,233,within_horizon
engine-supplier_prod,engine-supplier_inv,DG8,60,1,61,117,within_horizon
engine-supplier_prod,engine-supplier_inv,DK7,60,1,61,79,within_horizon
engine-supplier_prod,engine-supplier_inv,DK8,60,1,61,183,within_horizon
engine-supplier_prod,engine-supplier_inv,DK9,60,1,61,11,within_horizon
engine-supplier_prod,engine-supplier_inv,DM4,60,1,61,9,within_horizon
engine-supplier_prod,engine-supplier_inv,DN1,60,1,61,2,within_horizon
engine-supplier_prod,engine-supplier_inv,DN4,60,1,61,223,within_horizon
engine-supplier_prod,engine-supplier_inv,DN6,60,1,61,10,within_horizon
engine-supplier_prod,engine-supplier_inv,DP2,60,1,61,29,within_horizon
engine-supplier_prod,engine-supplier_inv,DQ4,60,1,61,24,within_horizon
engine-supplier_prod,engine-supplier_inv,DQ9,60,1,61,88,within_horizon
engine-supplier_prod,engine-supplier_inv,DR8,60,1,61,18,within_horizon
engine-supplier_prod,engine-supplier_inv,DS9,60,1,61,50,within_horizon
gear-supplier_prod,gear-supplier_inv,G0C,59,2,61,82,within_horizon
gear-supplier_prod,gear-supplier_inv,G0C,60,2,62,94,within_horizon
gear-supplier_prod,gear-supplier_inv,G0K,59,2,61,688,within_horizon
gear-supplier_prod,gear-supplier_inv,G0K,60,2,62,540,within_horizon
gear-supplier_prod,gear-supplier_inv,G0L,59,2,61,51,within_horizon
gear-supplier_prod,gear-supplier_inv,G0L,60,2,62,29,within_horizon
gear-supplier_prod,gear-supplier_inv,G0R,59,2,61,26,within_horizon
gear-supplier_prod,gear-supplier_inv,G0R,60,2,62,15,within_horizon
gear-supplier_prod,gear-supplier_inv,G1A,59,2,61,259,within_horizon
gear-supplier_prod,gear-supplier_inv,G1A,60,2,62,234,within_horizon
gear-supplier_prod,gear-supplier_inv,G1C,59,2,61,515,within_horizon
gear-supplier_prod,gear-supplier_inv,G1C,60,2,62,430,within_horizon
gear-supplier_prod,gear-supplier_inv,G1D,59,2,61,315,within_horizon
gear-supplier_prod,gear-supplier_inv,G1D,60,2,62,274,within_horizon
gear-supplier_prod,gear-supplier_inv,G1Z,59,2,61,64,within_horizon
gear-supplier_prod,gear-supplier_inv,G1Z,60,2,62,384,within_horizon
