period,node_id,product_id,opening_units,receipts_units,consumed_or_dispatched_units,closing_units
61,battery-supplier_inv,BEV,0,159,159,0
61,battery-supplier_prod,componment_battery1,930,0,930,0
61,battery-supplier_prod,componment_battery2,558,0,558,0
61,battery-supplier_prod,componment_battery3,372,0,372,0
61,engine-supplier_inv,D02,120,30,18,132
61,engine-supplier_inv,D2I,123,49,70,102
61,engine-supplier_inv,D33,376,112,66,422
61,engine-supplier_inv,D36,6,2,0,8
61,engine-supplier_inv,D60,52,12,2,62
61,engine-supplier_inv,D64,342,135,186,291
61,engine-supplier_inv,D80,206,80,103,183
61,engine-supplier_inv,D83,849,384,727,506
61,engine-supplier_inv,DB0,21,10,3,28
61,engine-supplier_inv,DB8,39,11,8,42
61,engine-supplier_inv,DE2,9,3,2,10
61,engine-supplier_inv,DE4,121,41,69,93
61,engine-supplier_inv,DE5,175,50,38,187
61,engine-supplier_inv,DF4,9,3,0,12
61,engine-supplier_inv,DF6,10,2,0,12
61,engine-supplier_inv,DG6,754,233,155,832
61,engine-supplier_inv,DG8,438,117,103,452
61,engine-supplier_inv,DK7,210,79,116,173
61,engine-supplier_inv,DK8,577,183,134,626
61,engine-supplier_inv,DK9,33,11,6,38
61,engine-supplier_inv,DM4,24,9,2,31
61,engine-supplier_inv,DN1,15,2,0,17
61,engine-supplier_inv,DN4,758,223,171,810
61,engine-supplier_inv,DN6,31,10,8,33
61,engine-supplier_inv,DP2,102,29,14,117
61,engine-supplier_inv,DQ4,60,24,4,80
61,engine-supplier_inv,DQ9,286,88,53,321
61,engine-supplier_inv,DR8,64,18,11,71
61,engine-supplier_inv,DS9,190,50,31,209
61,engine-supplier_prod,D02,0,43,43,0
61,engine-supplier_prod,D2I,0,32,32,0
61,engine-supplier_prod,D33,0,168,168,0
61,engine-supplier_prod,D36,0,3,3,0
61,engine-supplier_prod,D60,0,25,25,0
61,engine-supplier_prod,D64,0,94,94,0
61,engine-supplier_prod,D80,0,65,65,0
61,engine-supplier_prod,D83,0,52,52,0
61,engine-supplier_prod,DB0,0,11,11,0
61,engine-supplier_prod,DB8,0,11,11,0
61,engine-supplier_prod,DE2,0,4,4,0
61,engine-supplier_prod,DE4,0,16,16,0
61,engine-supplier_prod,DE5,0,66,66,0
61,engine-supplier_prod,DF4,0,7,7,0
61,engine-supplier_prod,DF6,0,5,5,0
61,engine-supplier_prod,DG6,0,299,299,0
61,engine-supplier_prod,DG8,0,161,161,0
61,engine-supplier_prod,DK7,0,38,38,0
61,engine-supplier_prod,DK8,0,260,260,0
61,engine-supplier_prod,DK9,0,12,12,0
61,engine-supplier_prod,DM4,0,15,15,0
61,engine-supplier_prod,DN1,0,5,5,0
61,engine-supplier_prod,DN4,0,278,278,0
61,engine-supplier_prod,DN6,0,12,12,0
61,engine-supplier_prod,DP2,0,42,42,0
61,engine-supplier_prod,DQ4,0,39,39,0
61,engine-supplier_prod,DQ9,0,118,118,0
61,engine-supplier_prod,DR8,0,29,29,0
61,engine-supplier_prod,DS9,0,90,90,0
61,gear-supplier_inv,G0C,192,82,90,184
61,gear-supplier_inv,G0K,1090,688,451,1327
61,gear-supplier_inv,G0L,64,51,25,90
61,gear-supplier_inv,G0R,39,26,6,59
61,gear-supplier_inv,G1A,403,259,183,479
61,gear-supplier_inv,G1C,864,515,357,1022
61,gear-supplier_inv,G1D,563,315,261,617
61,gear-supplier_inv,G1Z,785,64,727,122
61,gear-supplier_prod,G0C,0,112,112,0
61,gear-supplier_prod,G0K,0,661,661,0
61,gear-supplier_prod,G0L,0,37,37,0
61,gear-supplier_prod,G0R,0,26,26,0
61,gear-supplier_prod,G1A,0,268,268,0
61,gear-supplier_prod,G1C,0,535,535,0
61,gear-supplier_prod,G1D,0,309,309,0
61,gear-supplier_prod,G1Z,0,52,52,0
61,seat-supplier_inv,Q1A,0,201,201,0
61,seat-supplier_inv,Q2J,0,768,768,0
61,seat-supplier_inv,Q4H,0,760,760,0
61,seat-supplier_inv,Q4P,0,271,271,0
61,seat-supplier_prod,componment_seat1,2155,0,768,1387
61,seat-supplier_prod,componment_seat2,2480,0,760,1720
61,seat-supplier_prod,componment_seat3,822,0,271,551
61,seat-supplier_prod,componment_seat4,543,0,201,342
61,zp7,BEV,52,200,52,200
61,zp7,D02,76,44,43,77
61,zp7,D2I,73,37,32,78
61,zp7,D33,304,150,168,286
61,zp7,D36,3,3,3,3
61,zp7,D60,35,20,25,30
61,zp7,D64,223,93,94,222
61,zp7,D80,148,64,65,147
61,zp7,D83,345,159,52,452
61,zp7,DB0,19,6,11,14
61,zp7,DB8,24,15,11,28
61,zp7,DE2,5,6,4,7
61,zp7,DE4,55,32,16,71
61,zp7,DE5,117,61,66,112
61,zp7,DF4,8,4,7,5
61,zp7,DF6,13,5,5,13
61,zp7,DG6,536,279,299,516
61,zp7,DG8,305,167,161,311
61,zp7,DK7,115,49,38,126
61,zp7,DK8,441,202,260,383
61,zp7,DK9,29,7,12,24
61,zp7,DM4,19,14,15,18
61,zp7,DN1,6,11,5,12
61,zp7,DN4,531,287,278,540
61,zp7,DN6,19,15,12,22
61,zp7,DP2,82,46,42,86
61,zp7,DQ4,52,33,39,46
61,zp7,DQ9,209,99,118,190
61,zp7,DR8,59,22,29,52
61,zp7,DS9,149,70,90,129
61,zp7,G0C,112,85,112,85
61,zp7,G0K,661,573,661,573
61,zp7,G0L,37,39,37,39
61,zp7,G0R,26,18,26,18
61,zp7,G1A,268,245,268,245
61,zp7,G1C,535,452,535,452
61,zp7,G1D,309,295,309,295
61,zp7,G1Z,52,293,52,293
61,zp7,Q1A,0,201,201,0
61,zp7,Q2J,0,768,768,0
61,zp7,Q4H,0,760,760,0
61,zp7,Q4P,0,271,271,0
62,battery-supplier_inv,BEV,0,93,93,0
62,battery-supplier_prod,componment_battery1,0,0,0,0
62,battery-supplier_prod,componment_battery2,0,0,0,0
62,battery-supplier_prod,componment_battery3,0,0,0,0
62,engine-supplier_inv,D02,132,43,57,118
62,engine-supplier_inv,D2I,102,32,34,100
62,engine-supplier_inv,D33,422,168,148,442
62,engine-supplier_inv,D36,8,3,1,10
62,engine-supplier_inv,D60,62,25,25,62
62,engine-supplier_inv,D64,291,94,84,301
62,engine-supplier_inv,D80,183,65,49,199
62,engine-supplier_inv,D83,506,52,63,495
62,engine-supplier_inv,DB0,28,11,9,30
62,engine-supplier_inv,DB8,42,11,21,32
62,engine-supplier_inv,DE2,10,4,2,12
62,engine-supplier_inv,DE4,93,16,28,81
62,engine-supplier_inv,DE5,187,66,66,187
62,engine-supplier_inv,DF4,12,7,7,12
62,engine-supplier_inv,DF6,12,5,7,10
62,engine-supplier_inv,DG6,832,299,331,800
62,engine-supplier_inv,DG8,452,161,184,429
62,engine-supplier_inv,DK7,173,38,58,153
62,engine-supplier_inv,DK8,626,260,248,638
62,engine-supplier_inv,DK9,38,12,18,32
62,engine-supplier_inv,DM4,31,15,13,33
62,engine-supplier_inv,DN1,17,5,8,14
62,engine-supplier_inv,DN4,810,278,311,777
62,engine-supplier_inv,DN6,33,12,12,33
62,engine-supplier_inv,DP2,117,42,50,109
62,engine-supplier_inv,DQ4,80,39,33,86
62,engine-supplier_inv,DQ9,321,118,132,307
62,engine-supplier_inv,DR8,71,29,30,70
62,engine-supplier_inv,DS9,209,90,71,228
62,engine-supplier_prod,D02,0,33,33,0
62,engine-supplier_prod,D2I,0,41,41,0
62,engine-supplier_prod,D33,0,136,136,0
62,engine-supplier_prod,D36,0,0,0,0
62,engine-supplier_prod,D60,0,10,10,0
62,engine-supplier_prod,D64,0,129,129,0
62,engine-supplier_prod,D80,0,83,83,0
62,engine-supplier_prod,D83,0,293,293,0
62,engine-supplier_prod,DB0,0,8,8,0
62,engine-supplier_prod,DB8,0,13,13,0
62,engine-supplier_prod,DE2,0,1,1,0
62,engine-supplier_prod,DE4,0,39,39,0
62,engine-supplier_prod,DE5,0,51,51,0
62,engine-supplier_prod,DF4,0,1,1,0
62,engine-supplier_prod,DF6,0,8,8,0
62,engine-supplier_prod,DG6,0,237,237,0
62,engine-supplier_prod,DG8,0,144,144,0
62,engine-supplier_prod,DK7,0,77,77,0
62,engine-supplier_prod,DK8,0,181,181,0
62,engine-supplier_prod,DK9,0,17,17,0
62,engine-supplier_prod,DM4,0,4,4,0
62,engine-supplier_prod,DN1,0,1,1,0
62,engine-supplier_prod,DN4,0,253,253,0
62,engine-supplier_prod,DN6,0,7,7,0
62,engine-supplier_prod,DP2,0,40,40,0
62,engine-supplier_prod,DQ4,0,13,13,0
62,engine-supplier_prod,DQ9,0,91,91,0
62,engine-supplier_prod,DR8,0,30,30,0
62,engine-supplier_prod,DS9,0,59,59,0
62,gear-supplier_inv,G0C,184,94,109,169
62,gear-supplier_inv,G0K,1327,540,712,1155
62,gear-supplier_inv,G0L,90,29,40,79
62,gear-supplier_inv,G0R,59,15,35,39
62,gear-supplier_inv,G1A,479,234,249,464
62,gear-supplier_inv,G1C,1022,430,562,890
62,gear-supplier_inv,G1D,617,274,330,561
62,gear-supplier_inv,G1Z,122,384,63,443
62,gear-supplier_prod,G0C,0,85,85,0
62,gear-supplier_prod,G0K,0,573,573,0
62,gear-supplier_prod,G0L,0,39,39,0
62,gear-supplier_prod,G0R,0,18,18,0
62,gear-supplier_prod,G1A,0,245,245,0
62,gear-supplier_prod,G1C,0,452,452,0
62,gear-supplier_prod,G1D,0,295,295,0
62,gear-supplier_prod,G1Z,0,293,293,0
62,seat-supplier_inv,Q1A,0,171,171,0
62,seat-supplier_inv,Q2J,0,625,625,0
62,seat-supplier_inv,Q4H,0,925,925,0
62,seat-supplier_inv,Q4P,0,279,279,0
62,seat-supplier_prod,componment_seat1,1387,4732,625,5494
62,seat-supplier_prod,componment_seat2,1720,6187,925,6982
62,seat-supplier_prod,componment_seat3,551,1900,279,2172
62,seat-supplier_prod,componment_seat4,342,1181,171,1352
62,zp7,BEV,200,159,293,66
62,zp7,D02,77,18,33,62
62,zp7,D2I,78,70,41,107
62,zp7,D33,286,66,136,216
62,zp7,D36,3,0,0,3
62,zp7,D60,30,2,10,22
62,zp7,D64,222,186,129,279
62,zp7,D80,147,103,83,167
62,zp7,D83,452,727,293,886
62,zp7,DB0,14,3,8,9
62,zp7,DB8,28,8,13,23
62,zp7,DE2,7,2,1,8
62,zp7,DE4,71,69,39,101
62,zp7,DE5,112,38,51,99
62,zp7,DF4,5,0,1,4
62,zp7,DF6,13,0,8,5
62,zp7,DG6,516,155,237,434
62,zp7,DG8,311,103,144,270
62,zp7,DK7,126,116,77,165
62,zp7,DK8,383,134,181,336
62,zp7,DK9,24,6,17,13
62,zp7,DM4,18,2,4,16
62,zp7,DN1,12,0,1,11
62,zp7,DN4,540,171,253,458
62,zp7,DN6,22,8,7,23
62,zp7,DP2,86,14,40,60
62,zp7,DQ4,46,4,13,37
62,zp7,DQ9,190,53,91,152
62,zp7,DR8,52,11,30,33
62,zp7,DS9,129,31,59,101
62,zp7,G0C,85,100,85,100
62,zp7,G0K,573,661,573,661
62,zp7,G0L,39,35,39,35
62,zp7,G0R,18,28,18,28
62,zp7,G1A,245,264,245,264
62,zp7,G1C,452,457,452,457
62,zp7,G1D,295,296,295,296
62,zp7,G1Z,293,159,293,159
62,zp7,Q1A,0,171,171,0
62,zp7,Q2J,0,625,625,0
62,zp7,Q4H,0,925,925,0
62,zp7,Q4P,0,279,279,0
63,battery-supplier_inv,BEV,0,0,0,0
63,battery-supplier_prod,componment_battery1,0,0,0,0
63,battery-supplier_prod,componment_battery2,0,0,0,0
63,battery-supplier_prod,componment_battery3,0,0,0,0
63,engine-supplier_inv,D02,118,33,46,105
63,engine-supplier_inv,D2I,100,41,31,110
63,engine-supplier_inv,D33,442,136,172,406
63,engine-supplier_inv,D36,10,0,5,5
63,engine-supplier_inv,D60,62,10,25,47
63,engine-supplier_inv,D64,301,129,100,330
63,engine-supplier_inv,D80,199,83,69,213
63,engine-supplier_inv,D83,495,293,174,614
63,engine-supplier_inv,DB0,30,8,9,29
63,engine-supplier_inv,DB8,32,13,10,35
63,engine-supplier_inv,DE2,12,1,5,8
63,engine-supplier_inv,DE4,81,39,34,86
63,engine-supplier_inv,DE5,187,51,78,160
63,engine-supplier_inv,DF4,12,1,2,11
63,engine-supplier_inv,DF6,10,8,3,15
63,engine-supplier_inv,DG6,800,237,292,745
63,engine-supplier_inv,DG8,429,144,165,408
63,engine-supplier_inv,DK7,153,77,54,176
63,engine-supplier_inv,DK8,638,181,213,606
63,engine-supplier_inv,DK9,32,17,9,40
63,engine-supplier_inv,DM4,33,4,9,28
63,engine-supplier_inv,DN1,14,1,7,8
63,engine-supplier_inv,DN4,777,253,292,738
63,engine-supplier_inv,DN6,33,7,13,27
63,engine-supplier_inv,DP2,109,40,39,110
63,engine-supplier_inv,DQ4,86,13,23,76
63,engine-supplier_inv,DQ9,307,91,107,291
63,engine-supplier_inv,DR8,70,30,24,76
63,engine-supplier_inv,DS9,228,59,90,197
63,engine-supplier_prod,D02,0,44,44,0
63,engine-supplier_prod,D2I,0,37,37,0
63,engine-supplier_prod,D33,0,150,150,0
63,engine-supplier_prod,D36,0,3,3,0
63,engine-supplier_prod,D60,0,20,20,0
63,engine-supplier_prod,D64,0,93,93,0
63,engine-supplier_prod,D80,0,64,64,0
63,engine-supplier_prod,D83,0,159,159,0
63,engine-supplier_prod,DB0,0,6,6,0
63,engine-supplier_prod,DB8,0,15,15,0
63,engine-supplier_prod,DE2,0,6,6,0
63,engine-supplier_prod,DE4,0,32,32,0
63,engine-supplier_prod,DE5,0,61,61,0
63,engine-supplier_prod,DF4,0,4,4,0
63,engine-supplier_prod,DF6,0,5,5,0
63,engine-supplier_prod,DG6,0,279,279,0
63,engine-supplier_prod,DG8,0,167,167,0
63,engine-supplier_prod,DK7,0,49,49,0
63,engine-supplier_prod,DK8,0,202,202,0
63,engine-supplier_prod,DK9,0,7,7,0
63,engine-supplier_prod,DM4,0,14,14,0
63,engine-supplier_prod,DN1,0,11,11,0
63,engine-supplier_prod,DN4,0,287,287,0
63,engine-supplier_prod,DN6,0,15,15,0
63,engine-supplier_prod,DP2,0,46,46,0
63,engine-supplier_prod,DQ4,0,33,33,0
63,engine-supplier_prod,DQ9,0,99,99,0
63,engine-supplier_prod,DR8,0,22,22,0
63,engine-supplier_prod,DS9,0,70,70,0
63,gear-supplier_inv,G0C,169,112,88,193
63,gear-supplier_inv,G0K,1155,661,676,1140
63,gear-supplier_inv,G0L,79,37,52,64
63,gear-supplier_inv,G0R,39,26,26,39
63,gear-supplier_inv,G1A,464,268,255,477
63,gear-supplier_inv,G1C,890,535,506,919
63,gear-supplier_inv,G1D,561,309,323,547
63,gear-supplier_inv,G1Z,443,52,174,321
63,gear-supplier_prod,G0C,0,100,100,0
63,gear-supplier_prod,G0K,0,661,661,0
63,gear-supplier_prod,G0L,0,35,35,0
63,gear-supplier_prod,G0R,0,28,28,0
63,gear-supplier_prod,G1A,0,264,264,0
63,gear-supplier_prod,G1C,0,457,457,0
63,gear-supplier_prod,G1D,0,296,296,0
63,gear-supplier_prod,G1Z,0,159,159,0
63,seat-supplier_inv,Q1A,0,171,171,0
63,seat-supplier_inv,Q2J,0,762,762,0
63,seat-supplier_inv,Q4H,0,795,795,0
63,seat-supplier_inv,Q4P,0,272,272,0
63,seat-supplier_prod,componment_seat1,5494,0,762,4732
63,seat-supplier_prod,componment_seat2,6982,0,795,6187
63,seat-supplier_prod,componment_seat3,2172,0,272,1900
63,seat-supplier_prod,componment_seat4,1352,0,171,1181
63,zp7,BEV,66,93,159,0
63,zp7,D02,62,57,44,75
63,zp7,D2I,107,34,37,104
63,zp7,D33,216,148,150,214
63,zp7,D36,3,1,3,1
63,zp7,D60,22,25,20,27
63,zp7,D64,279,84,93,270
63,zp7,D80,167,49,64,152
63,zp7,D83,886,63,159,790
63,zp7,DB0,9,9,6,12
63,zp7,DB8,23,21,15,29
63,zp7,DE2,8,2,6,4
63,zp7,DE4,101,28,32,97
63,zp7,DE5,99,66,61,104
63,zp7,DF4,4,7,4,7
63,zp7,DF6,5,7,5,7
63,zp7,DG6,434,331,279,486
63,zp7,DG8,270,184,167,287
63,zp7,DK7,165,58,49,174
63,zp7,DK8,336,248,202,382
63,zp7,DK9,13,18,7,24
63,zp7,DM4,16,13,14,15
63,zp7,DN1,11,8,11,8
63,zp7,DN4,458,311,287,482
63,zp7,DN6,23,12,15,20
63,zp7,DP2,60,50,46,64
63,zp7,DQ4,37,33,33,37
63,zp7,DQ9,152,132,99,185
63,zp7,DR8,33,30,22,41
63,zp7,DS9,101,71,70,102
63,zp7,G0C,100,90,100,90
63,zp7,G0K,661,451,661,451
63,zp7,G0L,35,25,35,25
63,zp7,G0R,28,6,28,6
63,zp7,G1A,264,183,264,183
63,zp7,G1C,457,357,457,357
63,zp7,G1D,296,261,296,261
63,zp7,G1Z,159,727,159,727
63,zp7,Q1A,0,171,171,0
63,zp7,Q2J,0,762,762,0
63,zp7,Q4H,0,795,795,0
63,zp7,Q4P,0,272,272,0
64,battery-supplier_inv,BEV,0,0,0,0
64,battery-supplier_prod,componment_battery1,0,0,0,0
64,battery-supplier_prod,componment_battery2,0,0,0,0
64,battery-supplier_prod,componment_battery3,0,0,0,0
64,engine-supplier_inv,D02,105,44,34,115
64,engine-supplier_inv,D2I,110,37,41,106
64,engine-supplier_inv,D33,406,150,138,418
64,engine-supplier_inv,D36,5,3,3,5
64,engine-supplier_inv,D60,47,20,18,49
64,engine-supplier_inv,D64,330,93,121,302
64,engine-supplier_inv,D80,213,64,81,196
64,engine-supplier_inv,D83,614,159,280,493
64,engine-supplier_inv,DB0,29,6,10,25
64,engine-supplier_inv,DB8,35,15,11,39
64,engine-supplier_inv,DE2,8,6,4,10
64,engine-supplier_inv,DE4,86,32,35,83
64,engine-supplier_inv,DE5,160,61,56,165
64,engine-supplier_inv,DF4,11,4,4,11
64,engine-supplier_inv,DF6,15,5,3,17
64,engine-supplier_inv,DG6,745,279,270,754
64,engine-supplier_inv,DG8,408,167,134,441
64,engine-supplier_inv,DK7,176,49,69,156
64,engine-supplier_inv,DK8,606,202,215,593
64,engine-supplier_inv,DK9,40,7,17,30
64,engine-supplier_inv,DM4,28,14,11,31
64,engine-supplier_inv,DN1,8,11,2,17
64,engine-supplier_inv,DN4,738,287,268,757
64,engine-supplier_inv,DN6,27,15,11,31
64,engine-supplier_inv,DP2,110,46,39,117
64,engine-supplier_inv,DQ4,76,33,29,80
64,engine-supplier_inv,DQ9,291,99,100,290
64,engine-supplier_inv,DR8,76,22,25,73
64,engine-supplier_inv,DS9,197,70,71,196
64,engine-supplier_prod,D02,0,15,15,0
64,engine-supplier_prod,D2I,0,68,68,0
64,engine-supplier_prod,D33,0,63,63,0
64,engine-supplier_prod,D36,0,0,0,0
64,engine-supplier_prod,D60,0,2,2,0
64,engine-supplier_prod,D64,0,180,180,0
64,engine-supplier_prod,D80,0,99,99,0
64,engine-supplier_prod,D83,0,709,709,0
64,engine-supplier_prod,DB0,0,3,3,0
64,engine-supplier_prod,DB8,0,8,8,0
64,engine-supplier_prod,DE2,0,2,2,0
64,engine-supplier_prod,DE4,0,66,66,0
64,engine-supplier_prod,DE5,0,36,36,0
64,engine-supplier_prod,DF4,0,0,0,0
64,engine-supplier_prod,DF6,0,0,0,0
64,engine-supplier_prod,DG6,0,142,142,0
64,engine-supplier_prod,DG8,0,96,96,0
64,engine-supplier_prod,DK7,0,112,112,0
64,engine-supplier_prod,DK8,0,125,125,0
64,engine-supplier_prod,DK9,0,6,6,0
64,engine-supplier_prod,DM4,0,2,2,0
64,engine-supplier_prod,DN1,0,0,0,0
64,engine-supplier_prod,DN4,0,158,158,0
64,engine-supplier_prod,DN6,0,8,8,0
64,engine-supplier_prod,DP2,0,12,12,0
64,engine-supplier_prod,DQ4,0,3,3,0
64,engine-supplier_prod,DQ9,0,46,46,0
64,engine-supplier_prod,DR8,0,11,11,0
64,engine-supplier_prod,DS9,0,28,28,0
64,gear-supplier_inv,G0C,193,85,101,177
64,gear-supplier_inv,G0K,1140,573,608,1105
64,gear-supplier_inv,G0L,64,39,36,67
64,gear-supplier_inv,G0R,39,18,19,38
64,gear-supplier_inv,G1A,477,245,270,452
64,gear-supplier_inv,G1C,919,452,485,886
64,gear-supplier_inv,G1D,547,295,301,541
64,gear-supplier_inv,G1Z,321,293,280,334
64,gear-supplier_prod,G0C,0,86,86,0
64,gear-supplier_prod,G0K,0,420,420,0
64,gear-supplier_prod,G0L,0,24,24,0
64,gear-supplier_prod,G0R,0,6,6,0
64,gear-supplier_prod,G1A,0,166,166,0
64,gear-supplier_prod,G1C,0,339,339,0
64,gear-supplier_prod,G1D,0,250,250,0
64,gear-supplier_prod,G1Z,0,709,709,0
64,seat-supplier_inv,Q1A,0,124,124,0
64,seat-supplier_inv,Q2J,0,392,392,0
64,seat-supplier_inv,Q4H,0,521,521,0
64,seat-supplier_inv,Q4P,0,254,254,0
64,seat-supplier_prod,componment_seat1,4732,0,392,4340
64,seat-supplier_prod,componment_seat2,6187,0,521,5666
64,seat-supplier_prod,componment_seat3,1900,0,254,1646
64,seat-supplier_prod,componment_seat4,1181,0,124,1057
64,zp7,BEV,0,0,0,0
64,zp7,D02,75,46,15,106
64,zp7,D2I,104,31,68,67
64,zp7,D33,214,172,63,323
64,zp7,D36,1,5,0,6
64,zp7,D60,27,25,2,50
64,zp7,D64,270,100,180,190
64,zp7,D80,152,69,99,122
64,zp7,D83,790,174,0,964
64,zp7,DB0,12,9,3,18
64,zp7,DB8,29,10,8,31
64,zp7,DE2,4,5,2,7
64,zp7,DE4,97,34,66,65
64,zp7,DE5,104,78,36,146
64,zp7,DF4,7,2,0,9
64,zp7,DF6,7,3,0,10
64,zp7,DG6,486,292,142,636
64,zp7,DG8,287,165,96,356
64,zp7,DK7,174,54,112,116
64,zp7,DK8,382,213,125,470
64,zp7,DK9,24,9,6,27
64,zp7,DM4,15,9,2,22
64,zp7,DN1,8,7,0,15
64,zp7,DN4,482,292,158,616
64,zp7,DN6,20,13,8,25
64,zp7,DP2,64,39,12,91
64,zp7,DQ4,37,23,3,57
64,zp7,DQ9,185,107,46,246
64,zp7,DR8,41,24,11,54
64,zp7,DS9,102,90,28,164
64,zp7,G0C,90,109,86,113
64,zp7,G0K,451,712,420,743
64,zp7,G0L,25,40,24,41
64,zp7,G0R,6,35,6,35
64,zp7,G1A,183,249,166,266
64,zp7,G1C,357,562,339,580
64,zp7,G1D,261,330,250,341
64,zp7,G1Z,727,63,0,790
64,zp7,Q1A,0,124,124,0
64,zp7,Q2J,0,392,392,0
64,zp7,Q4H,0,521,521,0
64,zp7,Q4P,0,254,254,0
65,battery-supplier_inv,BEV,0,0,0,0
65,battery-supplier_prod,componment_battery1,0,0,0,0
65,battery-supplier_prod,componment_battery2,0,0,0,0
65,battery-supplier_prod,componment_battery3,0,0,0,0
65,engine-supplier_inv,D02,115,15,64,66
65,engine-supplier_inv,D2I,106,68,29,145
65,engine-supplier_inv,D33,418,63,181,300
65,engine-supplier_inv,D36,5,0,2,3
65,engine-supplier_inv,D60,49,2,18,33
65,engine-supplier_inv,D64,302,180,105,377
65,engine-supplier_inv,D80,196,99,78,217
65,engine-supplier_inv,D83,493,709,65,1137
65,engine-supplier_inv,DB0,25,3,11,17
65,engine-supplier_inv,DB8,39,8,14,33
65,engine-supplier_inv,DE2,10,2,1,11
65,engine-supplier_inv,DE4,83,66,25,124
65,engine-supplier_inv,DE5,165,36,73,128
65,engine-supplier_inv,DF4,11,0,1,10
65,engine-supplier_inv,DF6,17,0,13,4
65,engine-supplier_inv,DG6,754,142,306,590
65,engine-supplier_inv,DG8,441,96,190,347
65,engine-supplier_inv,DK7,156,112,48,220
65,engine-supplier_inv,DK8,593,125,209,509
65,engine-supplier_inv,DK9,30,6,20,16
65,engine-supplier_inv,DM4,31,2,9,24
65,engine-supplier_inv,DN1,17,0,5,12
65,engine-supplier_inv,DN4,757,158,305,610
65,engine-supplier_inv,DN6,31,8,6,33
65,engine-supplier_inv,DP2,117,12,61,68
65,engine-supplier_inv,DQ4,80,3,23,60
65,engine-supplier_inv,DQ9,290,46,123,213
65,engine-supplier_inv,DR8,73,11,36,48
65,engine-supplier_inv,DS9,196,28,79,145
65,engine-supplier_prod,D02,0,57,57,0
65,engine-supplier_prod,D2I,0,35,35,0
65,engine-supplier_prod,D33,0,135,135,0
65,engine-supplier_prod,D36,0,1,1,0
65,engine-supplier_prod,D60,0,22,22,0
65,engine-supplier_prod,D64,0,82,82,0
65,engine-supplier_prod,D80,0,51,51,0
65,engine-supplier_prod,D83,0,76,76,0
65,engine-supplier_prod,DB0,0,9,9,0
65,engine-supplier_prod,DB8,0,20,20,0
65,engine-supplier_prod,DE2,0,2,2,0
65,engine-supplier_prod,DE4,0,31,31,0
65,engine-supplier_prod,DE5,0,57,57,0
65,engine-supplier_prod,DF4,0,6,6,0
65,engine-supplier_prod,DF6,0,7,7,0
65,engine-supplier_prod,DG6,0,316,316,0
65,engine-supplier_prod,DG8,0,172,172,0
65,engine-supplier_prod,DK7,0,58,58,0
65,engine-supplier_prod,DK8,0,234,234,0
65,engine-supplier_prod,DK9,0,17,17,0
65,engine-supplier_prod,DM4,0,12,12,0
65,engine-supplier_prod,DN1,0,7,7,0
65,engine-supplier_prod,DN4,0,284,284,0
65,engine-supplier_prod,DN6,0,11,11,0
65,engine-supplier_prod,DP2,0,45,45,0
65,engine-supplier_prod,DQ4,0,28,28,0
65,engine-supplier_prod,DQ9,0,128,128,0
65,engine-supplier_prod,DR8,0,30,30,0
65,engine-supplier_prod,DS9,0,67,67,0
65,gear-supplier_inv,G0C,177,100,78,199
65,gear-supplier_inv,G0K,1105,661,687,1079
65,gear-supplier_inv,G0L,67,35,46,56
65,gear-supplier_inv,G0R,38,28,28,38
65,gear-supplier_inv,G1A,452,264,287,429
65,gear-supplier_inv,G1C,886,457,555,788
65,gear-supplier_inv,G1D,541,296,354,483
65,gear-supplier_inv,G1Z,334,159,65,428
65,gear-supplier_prod,G0C,0,106,106,0
65,gear-supplier_prod,G0K,0,670,670,0
65,gear-supplier_prod,G0L,0,40,40,0
65,gear-supplier_prod,G0R,0,33,33,0
65,gear-supplier_prod,G1A,0,237,237,0
65,gear-supplier_prod,G1C,0,525,525,0
65,gear-supplier_prod,G1D,0,313,313,0
65,gear-supplier_prod,G1Z,0,76,76,0
65,seat-supplier_inv,Q1A,0,170,170,0
65,seat-supplier_inv,Q2J,0,770,770,0
65,seat-supplier_inv,Q4H,0,703,703,0
65,seat-supplier_inv,Q4P,0,281,281,0
65,seat-supplier_prod,componment_seat1,4340,0,770,3570
65,seat-supplier_prod,componment_seat2,5666,0,703,4963
65,seat-supplier_prod,componment_seat3,1646,0,281,1365
65,seat-supplier_prod,componment_seat4,1057,0,170,887
65,zp7,BEV,0,0,0,0
65,zp7,D02,106,34,57,83
65,zp7,D2I,67,41,35,73
65,zp7,D33,323,138,135,326
65,zp7,D36,6,3,1,8
65,zp7,D60,50,18,22,46
65,zp7,D64,190,121,82,229
65,zp7,D80,122,81,51,152
65,zp7,D83,964,280,0,1244
65,zp7,DB0,18,10,9,19
65,zp7,DB8,31,11,20,22
65,zp7,DE2,7,4,2,9
65,zp7,DE4,65,35,31,69
65,zp7,DE5,146,56,57,145
65,zp7,DF4,9,4,6,7
65,zp7,DF6,10,3,7,6
65,zp7,DG6,636,270,316,590
65,zp7,DG8,356,134,172,318
65,zp7,DK7,116,69,58,127
65,zp7,DK8,470,215,234,451
65,zp7,DK9,27,17,17,27
65,zp7,DM4,22,11,12,21
65,zp7,DN1,15,2,7,10
65,zp7,DN4,616,268,284,600
65,zp7,DN6,25,11,11,25
65,zp7,DP2,91,39,45,85
65,zp7,DQ4,57,29,28,58
65,zp7,DQ9,246,100,128,218
65,zp7,DR8,54,25,30,49
65,zp7,DS9,164,71,67,168
65,zp7,G0C,113,88,106,95
65,zp7,G0K,743,676,670,749
65,zp7,G0L,41,52,40,53
65,zp7,G0R,35,26,33,28
65,zp7,G1A,266,255,237,284
65,zp7,G1C,580,506,525,561
65,zp7,G1D,341,323,313,351
65,zp7,G1Z,790,174,0,964
65,zp7,Q1A,0,170,170,0
65,zp7,Q2J,0,770,770,0
65,zp7,Q4H,0,703,703,0
65,zp7,Q4P,0,281,281,0
66,battery-supplier_inv,BEV,0,0,0,0
66,battery-supplier_prod,componment_battery1,0,9470,2940,6530
66,battery-supplier_prod,componment_battery2,0,5682,1764,3918
66,battery-supplier_prod,componment_battery3,0,3788,1176,2612
66,engine-supplier_inv,D02,66,57,35,88
66,engine-supplier_inv,D2I,145,35,48,132
66,engine-supplier_inv,D33,300,135,119,316
66,engine-supplier_inv,D36,3,1,1,3
66,engine-supplier_inv,D60,33,22,10,45
66,engine-supplier_inv,D64,377,82,127,332
66,engine-supplier_inv,D80,217,51,86,182
66,engine-supplier_inv,D83,1137,76,390,823
66,engine-supplier_inv,DB0,17,9,6,20
66,engine-supplier_inv,DB8,33,20,14,39
66,engine-supplier_inv,DE2,11,2,3,10
66,engine-supplier_inv,DE4,124,31,54,101
66,engine-supplier_inv,DE5,128,57,49,136
66,engine-supplier_inv,DF4,10,6,1,15
66,engine-supplier_inv,DF6,4,7,3,8
66,engine-supplier_inv,DG6,590,316,232,674
66,engine-supplier_inv,DG8,347,172,136,383
66,engine-supplier_inv,DK7,220,58,88,190
66,engine-supplier_inv,DK8,509,234,178,565
66,engine-supplier_inv,DK9,16,17,11,22
66,engine-supplier_inv,DM4,24,12,9,27
66,engine-supplier_inv,DN1,12,7,2,17
66,engine-supplier_inv,DN4,610,284,279,615
66,engine-supplier_inv,DN6,33,11,12,32
66,engine-supplier_inv,DP2,68,45,35,78
66,engine-supplier_inv,DQ4,60,28,21,67
66,engine-supplier_inv,DQ9,213,128,78,263
66,engine-supplier_inv,DR8,48,30,16,62
66,engine-supplier_inv,DS9,145,67,57,155
66,engine-supplier_prod,D02,0,48,48,0
66,engine-supplier_prod,D2I,0,20,20,0
66,engine-supplier_prod,D33,0,178,178,0
66,engine-supplier_prod,D36,0,5,5,0
66,engine-supplier_prod,D60,0,28,28,0
66,engine-supplier_prod,D64,0,80,80,0
66,engine-supplier_prod,D80,0,56,56,0
66,engine-supplier_prod,D83,0,64,64,0
66,engine-supplier_prod,DB0,0,9,9,0
66,engine-supplier_prod,DB8,0,11,11,0
66,engine-supplier_prod,DE2,0,5,5,0
66,engine-supplier_prod,DE4,0,24,24,0
66,engine-supplier_prod,DE5,0,82,82,0
66,engine-supplier_prod,DF4,0,3,3,0
66,engine-supplier_prod,DF6,0,3,3,0
66,engine-supplier_prod,DG6,0,296,296,0
66,engine-supplier_prod,DG8,0,170,170,0
66,engine-supplier_prod,DK7,0,40,40,0
66,engine-supplier_prod,DK8,0,218,218,0
66,engine-supplier_prod,DK9,0,10,10,0
66,engine-supplier_prod,DM4,0,10,10,0
66,engine-supplier_prod,DN1,0,8,8,0
66,engine-supplier_prod,DN4,0,316,316,0
66,engine-supplier_prod,DN6,0,12,12,0
66,engine-supplier_prod,DP2,0,45,45,0
66,engine-supplier_prod,DQ4,0,29,29,0
66,engine-supplier_prod,DQ9,0,112,112,0
66,engine-supplier_prod,DR8,0,23,23,0
66,engine-supplier_prod,DS9,0,95,95,0
66,gear-supplier_inv,G0C,199,86,93,192
66,gear-supplier_inv,G0K,1079,420,599,900
66,gear-supplier_inv,G0L,56,24,32,48
66,gear-supplier_inv,G0R,38,6,21,23
66,gear-supplier_inv,G1A,429,166,239,356
66,gear-supplier_inv,G1C,788,339,441,686
66,gear-supplier_inv,G1D,483,250,285,448
66,gear-supplier_inv,G1Z,428,709,390,747
66,gear-supplier_prod,G0C,0,82,82,0
66,gear-supplier_prod,G0K,0,688,688,0
66,gear-supplier_prod,G0L,0,51,51,0
66,gear-supplier_prod,G0R,0,26,26,0
66,gear-supplier_prod,G1A,0,259,259,0
66,gear-supplier_prod,G1C,0,515,515,0
66,gear-supplier_prod,G1D,0,315,315,0
66,gear-supplier_prod,G1Z,0,64,64,0
66,seat-supplier_inv,Q1A,0,185,185,0
66,seat-supplier_inv,Q2J,0,728,728,0
66,seat-supplier_inv,Q4H,0,771,771,0
66,seat-supplier_inv,Q4P,0,252,252,0
66,seat-supplier_prod,componment_seat1,3570,0,728,2842
66,seat-supplier_prod,componment_seat2,4963,0,771,4192
66,seat-supplier_prod,componment_seat3,1365,0,252,1113
66,seat-supplier_prod,componment_seat4,887,0,185,702
66,zp7,BEV,0,0,0,0
66,zp7,D02,83,64,48,99
66,zp7,D2I,73,29,20,82
66,zp7,D33,326,181,178,329
66,zp7,D36,8,2,5,5
66,zp7,D60,46,18,28,36
66,zp7,D64,229,105,80,254
66,zp7,D80,152,78,56,174
66,zp7,D83,1244,65,0,1309
66,zp7,DB0,19,11,9,21
66,zp7,DB8,22,14,11,25
66,zp7,DE2,9,1,5,5
66,zp7,DE4,69,25,24,70
66,zp7,DE5,145,73,82,136
66,zp7,DF4,7,1,3,5
66,zp7,DF6,6,13,3,16
66,zp7,DG6,590,306,296,600
66,zp7,DG8,318,190,170,338
66,zp7,DK7,127,48,40,135
66,zp7,DK8,451,209,218,442
66,zp7,DK9,27,20,10,37
66,zp7,DM4,21,9,10,20
66,zp7,DN1,10,5,8,7
66,zp7,DN4,600,305,316,589
66,zp7,DN6,25,6,12,19
66,zp7,DP2,85,61,45,101
66,zp7,DQ4,58,23,29,52
66,zp7,DQ9,218,123,112,229
66,zp7,DR8,49,36,23,62
66,zp7,DS9,168,79,95,152
66,zp7,G0C,95,101,82,114
66,zp7,G0K,749,608,688,669
66,zp7,G0L,53,36,51,38
66,zp7,G0R,28,19,26,21
66,zp7,G1A,284,270,259,295
66,zp7,G1C,561,485,515,531
66,zp7,G1D,351,301,315,337
66,zp7,G1Z,964,280,0,1244
66,zp7,Q1A,0,185,185,0
66,zp7,Q2J,0,728,728,0
66,zp7,Q4H,0,771,771,0
66,zp7,Q4P,0,252,252,0
67,battery-supplier_inv,BEV,0,294,294,0
67,battery-supplier_prod,componment_battery1,6530,0,2940,3590
67,battery-supplier_prod,componment_battery2,3918,0,1764,2154
67,battery-supplier_prod,componment_battery3,2612,0,1176,1436
67,engine-supplier_inv,D02,88,48,61,75
67,engine-supplier_inv,D2I,132,20,29,123
67,engine-supplier_inv,D33,316,178,161,333
67,engine-supplier_inv,D36,3,5,2,6
67,engine-supplier_inv,D60,45,28,28,45
67,engine-supplier_inv,D64,332,80,108,304
67,engine-supplier_inv,D80,182,56,47,191
67,engine-supplier_inv,D83,823,64,77,810
67,engine-supplier_inv,DB0,20,9,8,21
67,engine-supplier_inv,DB8,39,11,19,31
67,engine-supplier_inv,DE2,10,5,2,13
67,engine-supplier_inv,DE4,101,24,25,100
67,engine-supplier_inv,DE5,136,82,70,148
67,engine-supplier_inv,DF4,15,3,6,12
67,engine-supplier_inv,DF6,8,3,8,3
67,engine-supplier_inv,DG6,674,296,306,664
67,engine-supplier_inv,DG8,383,170,168,385
67,engine-supplier_inv,DK7,190,40,55,175
67,engine-supplier_inv,DK8,565,218,237,546
67,engine-supplier_inv,DK9,22,10,16,16
67,engine-supplier_inv,DM4,27,10,9,28
67,engine-supplier_inv,DN1,17,8,3,22
67,engine-supplier_inv,DN4,615,316,332,599
67,engine-supplier_inv,DN6,32,12,8,36
67,engine-supplier_inv,DP2,78,45,41,82
67,engine-supplier_inv,DQ4,67,29,27,69
67,engine-supplier_inv,DQ9,263,112,135,240
67,engine-supplier_inv,DR8,62,23,23,62
67,engine-supplier_inv,DS9,155,95,89,161
67,engine-supplier_prod,D02,0,30,30,0
67,engine-supplier_prod,D2I,0,49,49,0
67,engine-supplier_prod,D33,0,112,112,0
67,engine-supplier_prod,D36,0,2,2,0
67,engine-supplier_prod,D60,0,12,12,0
67,engine-supplier_prod,D64,0,135,135,0
67,engine-supplier_prod,D80,0,80,80,0
67,engine-supplier_prod,D83,0,384,384,0
67,engine-supplier_prod,DB0,0,10,10,0
67,engine-supplier_prod,DB8,0,11,11,0
67,engine-supplier_prod,DE2,0,3,3,0
67,engine-supplier_prod,DE4,0,41,41,0
67,engine-supplier_prod,DE5,0,50,50,0
67,engine-supplier_prod,DF4,0,3,3,0
67,engine-supplier_prod,DF6,0,2,2,0
67,engine-supplier_prod,DG6,0,233,233,0
67,engine-supplier_prod,DG8,0,117,117,0
67,engine-supplier_prod,DK7,0,79,79,0
67,engine-supplier_prod,DK8,0,183,183,0
67,engine-supplier_prod,DK9,0,11,11,0
67,engine-supplier_prod,DM4,0,9,9,0
67,engine-supplier_prod,DN1,0,2,2,0
67,engine-supplier_prod,DN4,0,223,223,0
67,engine-supplier_prod,DN6,0,10,10,0
67,engine-supplier_prod,DP2,0,29,29,0
67,engine-supplier_prod,DQ4,0,24,24,0
67,engine-supplier_prod,DQ9,0,88,88,0
67,engine-supplier_prod,DR8,0,18,18,0
67,engine-supplier_prod,DS9,0,50,50,0
67,gear-supplier_inv,G0C,192,106,87,211
67,gear-supplier_inv,G0K,900,670,697,873
67,gear-supplier_inv,G0L,48,40,50,38
67,gear-supplier_inv,G0R,23,33,28,28
67,gear-supplier_inv,G1A,356,237,244,349
67,gear-supplier_inv,G1C,686,525,559,652
67,gear-supplier_inv,G1D,448,313,358,403
67,gear-supplier_inv,G1Z,747,76,77,746
67,gear-supplier_prod,G0C,0,94,94,0
67,gear-supplier_prod,G0K,0,540,540,0
67,gear-supplier_prod,G0L,0,29,29,0
67,gear-supplier_prod,G0R,0,15,15,0
67,gear-supplier_prod,G1A,0,234,234,0
67,gear-supplier_prod,G1C,0,430,430,0
67,gear-supplier_prod,G1D,0,274,274,0
67,gear-supplier_prod,G1Z,0,384,384,0
67,seat-supplier_inv,Q1A,0,162,162,0
67,seat-supplier_inv,Q2J,0,570,570,0
67,seat-supplier_inv,Q4H,0,615,615,0
67,seat-supplier_inv,Q4P,0,269,269,0
67,seat-supplier_prod,componment_seat1,2842,0,570,2272
67,seat-supplier_prod,componment_seat2,4192,0,615,3577
67,seat-supplier_prod,componment_seat3,1113,0,269,844
67,seat-supplier_prod,componment_seat4,702,0,162,540
67,zp7,BEV,0,0,0,0
67,zp7,D02,99,35,30,104
67,zp7,D2I,82,48,49,81
67,zp7,D33,329,119,112,336
67,zp7,D36,5,1,2,4
67,zp7,D60,36,10,12,34
67,zp7,D64,254,127,135,246
67,zp7,D80,174,86,80,180
67,zp7,D83,1309,390,0,1699
67,zp7,DB0,21,6,10,17
67,zp7,DB8,25,14,11,28
67,zp7,DE2,5,3,3,5
67,zp7,DE4,70,54,41,83
67,zp7,DE5,136,49,50,135
67,zp7,DF4,5,1,3,3
67,zp7,DF6,16,3,2,17
67,zp7,DG6,600,232,233,599
67,zp7,DG8,338,136,117,357
67,zp7,DK7,135,88,79,144
67,zp7,DK8,442,178,183,437
67,zp7,DK9,37,11,11,37
67,zp7,DM4,20,9,9,20
67,zp7,DN1,7,2,2,7
67,zp7,DN4,589,279,223,645
67,zp7,DN6,19,12,10,21
67,zp7,DP2,101,35,29,107
67,zp7,DQ4,52,21,24,49
67,zp7,DQ9,229,78,88,219
67,zp7,DR8,62,16,18,60
67,zp7,DS9,152,57,50,159
67,zp7,G0C,114,78,94,98
67,zp7,G0K,669,687,540,816
67,zp7,G0L,38,46,29,55
67,zp7,G0R,21,28,15,34
67,zp7,G1A,295,287,234,348
67,zp7,G1C,531,555,430,656
67,zp7,G1D,337,354,274,417
67,zp7,G1Z,1244,65,0,1309
67,zp7,Q1A,0,162,162,0
67,zp7,Q2J,0,570,570,0
67,zp7,Q4H,0,615,615,0
67,zp7,Q4P,0,269,269,0
68,battery-supplier_inv,BEV,0,294,294,0
68,battery-supplier_prod,componment_battery1,3590,0,2940,650
68,battery-supplier_prod,componment_battery2,2154,0,1764,390
68,battery-supplier_prod,componment_battery3,1436,0,1176,260
68,engine-supplier_inv,D02,75,30,59,46
68,engine-supplier_inv,D2I,123,49,36,136
68,engine-supplier_inv,D33,333,112,159,286
68,engine-supplier_inv,D36,6,2,1,7
68,engine-supplier_inv,D60,45,12,30,27
68,engine-supplier_inv,D64,304,135,81,358
68,engine-supplier_inv,D80,191,80,53,218
68,engine-supplier_inv,D83,810,384,56,1138
68,engine-supplier_inv,DB0,21,10,7,24
68,engine-supplier_inv,DB8,31,11,22,20
68,engine-supplier_inv,DE2,13,3,3,13
68,engine-supplier_inv,DE4,100,41,30,111
68,engine-supplier_inv,DE5,148,50,68,130
68,engine-supplier_inv,DF4,12,3,6,9
68,engine-supplier_inv,DF6,3,2,4,1
68,engine-supplier_inv,DG6,664,233,335,562
68,engine-supplier_inv,DG8,385,117,191,311
68,engine-supplier_inv,DK7,175,79,53,201
68,engine-supplier_inv,DK8,546,183,234,495
68,engine-supplier_inv,DK9,16,11,10,17
68,engine-supplier_inv,DM4,28,9,12,25
68,engine-supplier_inv,DN1,22,2,9,15
68,engine-supplier_inv,DN4,599,223,310,512
68,engine-supplier_inv,DN6,36,10,13,33
68,engine-supplier_inv,DP2,82,29,48,63
68,engine-supplier_inv,DQ4,69,24,33,60
68,engine-supplier_inv,DQ9,240,88,134,194
68,engine-supplier_inv,DR8,62,18,34,46
68,engine-supplier_inv,DS9,161,50,69,142
68,engine-supplier_prod,D02,0,53,53,0
68,engine-supplier_prod,D2I,0,27,27,0
68,engine-supplier_prod,D33,0,178,178,0
68,engine-supplier_prod,D36,0,3,3,0
68,engine-supplier_prod,D60,0,19,19,0
68,engine-supplier_prod,D64,0,96,96,0
68,engine-supplier_prod,D80,0,74,74,0
68,engine-supplier_prod,D83,0,59,59,0
68,engine-supplier_prod,DB0,0,10,10,0
68,engine-supplier_prod,DB8,0,11,11,0
68,engine-supplier_prod,DE2,0,2,2,0
68,engine-supplier_prod,DE4,0,25,25,0
68,engine-supplier_prod,DE5,0,69,69,0
68,engine-supplier_prod,DF4,0,2,2,0
68,engine-supplier_prod,DF6,0,10,10,0
68,engine-supplier_prod,DG6,0,291,291,0
68,engine-supplier_prod,DG8,0,173,173,0
68,engine-supplier_prod,DK7,0,48,48,0
68,engine-supplier_prod,DK8,0,217,217,0
68,engine-supplier_prod,DK9,0,21,21,0
68,engine-supplier_prod,DM4,0,8,8,0
68,engine-supplier_prod,DN1,0,1,1,0
68,engine-supplier_prod,DN4,0,283,283,0
68,engine-supplier_prod,DN6,0,8,8,0
68,engine-supplier_prod,DP2,0,59,59,0
68,engine-supplier_prod,DQ4,0,22,22,0
68,engine-supplier_prod,DQ9,0,111,111,0
68,engine-supplier_prod,DR8,0,40,40,0
68,engine-supplier_prod,DS9,0,80,80,0
68,gear-supplier_inv,G0C,211,82,113,180
68,gear-supplier_inv,G0K,873,688,726,835
68,gear-supplier_inv,G0L,38,51,46,43
68,gear-supplier_inv,G0R,28,26,31,23
68,gear-supplier_inv,G1A,349,259,256,352
68,gear-supplier_inv,G1C,652,515,547,620
68,gear-supplier_inv,G1D,403,315,325,393
68,gear-supplier_inv,G1Z,746,64,56,754
68,gear-supplier_prod,G0C,0,84,84,0
68,gear-supplier_prod,G0K,0,660,660,0
68,gear-supplier_prod,G0L,0,48,48,0
68,gear-supplier_prod,G0R,0,26,26,0
68,gear-supplier_prod,G1A,0,279,279,0
68,gear-supplier_prod,G1C,0,513,513,0
68,gear-supplier_prod,G1D,0,331,331,0
68,gear-supplier_prod,G1Z,0,59,59,0
68,seat-supplier_inv,Q1A,0,171,171,0
68,seat-supplier_inv,Q2J,0,607,607,0
68,seat-supplier_inv,Q4H,0,959,959,0
68,seat-supplier_inv,Q4P,0,263,263,0
68,seat-supplier_prod,componment_seat1,2272,0,607,1665
68,seat-supplier_prod,componment_seat2,3577,0,959,2618
68,seat-supplier_prod,componment_seat3,844,0,263,581
68,seat-supplier_prod,componment_seat4,540,0,171,369
68,zp7,BEV,0,294,294,0
68,zp7,D02,104,61,41,124
68,zp7,D2I,81,29,20,90
68,zp7,D33,336,161,158,339
68,zp7,D36,4,2,3,3
68,zp7,D60,34,28,18,44
68,zp7,D64,246,108,87,267
68,zp7,D80,180,47,64,163
68,zp7,D83,1699,77,294,1482
68,zp7,DB0,17,8,8,17
68,zp7,DB8,28,19,10,37
68,zp7,DE2,5,2,1,6
68,zp7,DE4,83,25,23,85
68,zp7,DE5,135,70,56,149
68,zp7,DF4,3,6,2,7
68,zp7,DF6,17,8,10,15
68,zp7,DG6,599,306,263,642
68,zp7,DG8,357,168,143,382
68,zp7,DK7,144,55,45,154
68,zp7,DK8,437,237,195,479
68,zp7,DK9,37,16,19,34
68,zp7,DM4,20,9,6,23
68,zp7,DN1,7,3,1,9
68,zp7,DN4,645,332,245,732
68,zp7,DN6,21,8,7,22
68,zp7,DP2,107,41,54,94
68,zp7,DQ4,49,27,18,58
68,zp7,DQ9,219,135,99,255
68,zp7,DR8,60,23,36,47
68,zp7,DS9,159,89,74,174
68,zp7,G0C,98,93,73,118
68,zp7,G0K,816,599,582,833
68,zp7,G0L,55,32,45,42
68,zp7,G0R,34,21,22,33
68,zp7,G1A,348,239,252,335
68,zp7,G1C,656,441,449,648
68,zp7,G1D,417,285,283,419
68,zp7,G1Z,1309,390,294,1405
68,zp7,Q1A,0,171,171,0
68,zp7,Q2J,0,607,607,0
68,zp7,Q4H,0,959,959,0
68,zp7,Q4P,0,263,263,0
69,battery-supplier_inv,BEV,0,294,294,0
69,battery-supplier_prod,componment_battery1,650,0,650,0
69,battery-supplier_prod,componment_battery2,390,0,390,0
69,battery-supplier_prod,componment_battery3,260,0,260,0
69,engine-supplier_inv,D02,46,53,26,73
69,engine-supplier_inv,D2I,136,27,62,101
69,engine-supplier_inv,D33,286,178,90,374
69,engine-supplier_inv,D36,7,3,0,10
69,engine-supplier_inv,D60,27,19,7,39
69,engine-supplier_inv,D64,358,96,171,283
69,engine-supplier_inv,D80,218,74,94,198
69,engine-supplier_inv,D83,1138,59,584,613
69,engine-supplier_inv,DB0,24,10,5,29
69,engine-supplier_inv,DB8,20,11,8,23
69,engine-supplier_inv,DE2,13,2,3,12
69,engine-supplier_inv,DE4,111,25,60,76
69,engine-supplier_inv,DE5,130,69,51,148
69,engine-supplier_inv,DF4,9,2,1,10
69,engine-supplier_inv,DF6,1,10,1,10
69,engine-supplier_inv,DG6,562,291,181,672
69,engine-supplier_inv,DG8,311,173,125,359
69,engine-supplier_inv,DK7,201,48,99,150
69,engine-supplier_inv,DK8,495,217,158,554
69,engine-supplier_inv,DK9,17,21,7,31
69,engine-supplier_inv,DM4,25,8,5,28
69,engine-supplier_inv,DN1,15,1,2,14
69,engine-supplier_inv,DN4,512,283,189,606
69,engine-supplier_inv,DN6,33,8,9,32
69,engine-supplier_inv,DP2,63,59,25,97
69,engine-supplier_inv,DQ4,60,22,14,68
69,engine-supplier_inv,DQ9,194,111,68,237
69,engine-supplier_inv,DR8,46,40,13,73
69,engine-supplier_inv,DS9,142,80,42,180
69,engine-supplier_prod,D02,0,43,43,0
69,engine-supplier_prod,D2I,0,39,39,0
69,engine-supplier_prod,D33,0,122,122,0
69,engine-supplier_prod,D36,0,1,1,0
69,engine-supplier_prod,D60,0,13,13,0
69,engine-supplier_prod,D64,0,113,113,0
69,engine-supplier_prod,D80,0,81,81,0
69,engine-supplier_prod,D83,0,275,275,0
69,engine-supplier_prod,DB0,0,5,5,0
69,engine-supplier_prod,DB8,0,16,16,0
69,engine-supplier_prod,DE2,0,3,3,0
69,engine-supplier_prod,DE4,0,41,41,0
69,engine-supplier_prod,DE5,0,52,52,0
69,engine-supplier_prod,DF4,0,1,1,0
69,engine-supplier_prod,DF6,0,7,7,0
69,engine-supplier_prod,DG6,0,245,245,0
69,engine-supplier_prod,DG8,0,144,144,0
69,engine-supplier_prod,DK7,0,68,68,0
69,engine-supplier_prod,DK8,0,175,175,0
69,engine-supplier_prod,DK9,0,11,11,0
69,engine-supplier_prod,DM4,0,11,11,0
69,engine-supplier_prod,DN1,0,6,6,0
69,engine-supplier_prod,DN4,0,292,292,0
69,engine-supplier_prod,DN6,0,10,10,0
69,engine-supplier_prod,DP2,0,40,40,0
69,engine-supplier_prod,DQ4,0,20,20,0
69,engine-supplier_prod,DQ9,0,91,91,0
69,engine-supplier_prod,DR8,0,16,16,0
69,engine-supplier_prod,DS9,0,59,59,0
69,gear-supplier_inv,G0C,180,94,91,183
69,gear-supplier_inv,G0K,835,540,504,871
69,gear-supplier_inv,G0L,43,29,29,43
69,gear-supplier_inv,G0R,23,15,12,26
69,gear-supplier_inv,G1A,352,234,192,394
69,gear-supplier_inv,G1C,620,430,407,643
69,gear-supplier_inv,G1D,393,274,281,386
69,gear-supplier_inv,G1Z,754,384,584,554
69,gear-supplier_prod,G0C,0,80,80,0
69,gear-supplier_prod,G0K,0,589,589,0
69,gear-supplier_prod,G0L,0,33,33,0
69,gear-supplier_prod,G0R,0,22,22,0
69,gear-supplier_prod,G1A,0,249,249,0
69,gear-supplier_prod,G1C,0,463,463,0
69,gear-supplier_prod,G1D,0,289,289,0
69,gear-supplier_prod,G1Z,0,275,275,0
69,seat-supplier_inv,Q1A,0,160,160,0
69,seat-supplier_inv,Q2J,0,631,631,0
69,seat-supplier_inv,Q4H,0,938,938,0
69,seat-supplier_inv,Q4P,0,271,271,0
69,seat-supplier_prod,componment_seat1,1665,5269,631,6303
69,seat-supplier_prod,componment_seat2,2618,5582,938,7262
69,seat-supplier_prod,componment_seat3,581,1923,271,2233
69,seat-supplier_prod,componment_seat4,369,1226,160,1435
69,zp7,BEV,0,294,294,0
69,zp7,D02,124,59,49,134
69,zp7,D2I,90,36,37,89
69,zp7,D33,339,159,129,369
69,zp7,D36,3,1,1,3
69,zp7,D60,44,30,13,61
69,zp7,D64,267,81,95,253
69,zp7,D80,163,53,75,141
69,zp7,D83,1482,56,294,1244
69,zp7,DB0,17,7,6,18
69,zp7,DB8,37,22,13,46
69,zp7,DE2,6,3,3,6
69,zp7,DE4,85,30,32,83
69,zp7,DE5,149,68,59,158
69,zp7,DF4,7,6,1,12
69,zp7,DF6,15,4,7,12
69,zp7,DG6,642,335,242,735
69,zp7,DG8,382,191,159,414
69,zp7,DK7,154,53,53,154
69,zp7,DK8,479,234,170,543
69,zp7,DK9,34,10,12,32
69,zp7,DM4,23,12,12,23
69,zp7,DN1,9,9,6,12
69,zp7,DN4,732,310,294,748
69,zp7,DN6,22,13,9,26
69,zp7,DP2,94,48,41,101
69,zp7,DQ4,58,33,24,67
69,zp7,DQ9,255,134,92,297
69,zp7,DR8,47,34,17,64
69,zp7,DS9,174,69,55,188
69,zp7,G0C,118,87,76,129
69,zp7,G0K,833,697,586,944
69,zp7,G0L,42,50,28,64
69,zp7,G0R,33,28,25,36
69,zp7,G1A,335,244,241,338
69,zp7,G1C,648,559,459,748
69,zp7,G1D,419,358,291,486
69,zp7,G1Z,1405,77,294,1188
69,zp7,Q1A,0,160,160,0
69,zp7,Q2J,0,631,631,0
69,zp7,Q4H,0,938,938,0
69,zp7,Q4P,0,271,271,0
70,battery-supplier_inv,BEV,0,65,65,0
70,battery-supplier_prod,componment_battery1,0,0,0,0
70,battery-supplier_prod,componment_battery2,0,0,0,0
70,battery-supplier_prod,componment_battery3,0,0,0,0
70,engine-supplier_inv,D02,73,43,45,71
70,engine-supplier_inv,D2I,101,39,28,112
70,engine-supplier_inv,D33,374,122,173,323
70,engine-supplier_inv,D36,10,1,3,8
70,engine-supplier_inv,D60,39,13,23,29
70,engine-supplier_inv,D64,283,113,92,304
70,engine-supplier_inv,D80,198,81,71,208
70,engine-supplier_inv,D83,613,275,52,836
70,engine-supplier_inv,DB0,29,5,13,21
70,engine-supplier_inv,DB8,23,16,13,26
70,engine-supplier_inv,DE2,12,3,4,11
70,engine-supplier_inv,DE4,76,41,18,99
70,engine-supplier_inv,DE5,148,52,66,134
70,engine-supplier_inv,DF4,10,1,6,5
70,engine-supplier_inv,DF6,10,7,6,11
70,engine-supplier_inv,DG6,672,245,329,588
70,engine-supplier_inv,DG8,359,144,174,329
70,engine-supplier_inv,DK7,150,68,46,172
70,engine-supplier_inv,DK8,554,175,260,469
70,engine-supplier_inv,DK9,31,11,17,25
70,engine-supplier_inv,DM4,28,11,11,28
70,engine-supplier_inv,DN1,14,6,5,15
70,engine-supplier_inv,DN4,606,292,307,591
70,engine-supplier_inv,DN6,32,10,10,32
70,engine-supplier_inv,DP2,97,40,44,93
70,engine-supplier_inv,DQ4,68,20,35,53
70,engine-supplier_inv,DQ9,237,91,125,203
70,engine-supplier_inv,DR8,73,16,38,51
70,engine-supplier_inv,DS9,180,59,86,153
70,engine-supplier_prod,D02,0,53,53,0
70,engine-supplier_prod,D2I,0,34,34,0
70,engine-supplier_prod,D33,0,145,145,0
70,engine-supplier_prod,D36,0,2,2,0
70,engine-supplier_prod,D60,0,20,20,0
70,engine-supplier_prod,D64,0,105,105,0
70,engine-supplier_prod,D80,0,55,55,0
70,engine-supplier_prod,D83,0,182,182,0
70,engine-supplier_prod,DB0,0,7,7,0
70,engine-supplier_prod,DB8,0,17,17,0
70,engine-supplier_prod,DE2,0,1,1,0
70,engine-supplier_prod,DE4,0,31,31,0
70,engine-supplier_prod,DE5,0,61,61,0
70,engine-supplier_prod,DF4,0,4,4,0
70,engine-supplier_prod,DF6,0,5,5,0
70,engine-supplier_prod,DG6,0,263,263,0
70,engine-supplier_prod,DG8,0,153,153,0
70,engine-supplier_prod,DK7,0,68,68,0
70,engine-supplier_prod,DK8,0,201,201,0
70,engine-supplier_prod,DK9,0,11,11,0
70,engine-supplier_prod,DM4,0,7,7,0
70,engine-supplier_prod,DN1,0,2,2,0
70,engine-supplier_prod,DN4,0,296,296,0
70,engine-supplier_prod,DN6,0,10,10,0
70,engine-supplier_prod,DP2,0,33,33,0
70,engine-supplier_prod,DQ4,0,24,24,0
70,engine-supplier_prod,DQ9,0,102,102,0
70,engine-supplier_prod,DR8,0,22,22,0
70,engine-supplier_prod,DS9,0,86,86,0
70,gear-supplier_inv,G0C,183,84,98,169
70,gear-supplier_inv,G0K,871,660,718,813
70,gear-supplier_inv,G0L,43,48,48,43
70,gear-supplier_inv,G0R,26,26,24,28
70,gear-supplier_inv,G1A,394,279,305,368
70,gear-supplier_inv,G1C,643,513,541,615
70,gear-supplier_inv,G1D,386,331,314,403
70,gear-supplier_inv,G1Z,554,59,52,561
70,gear-supplier_prod,G0C,0,89,89,0
70,gear-supplier_prod,G0K,0,631,631,0
70,gear-supplier_prod,G0L,0,42,42,0
70,gear-supplier_prod,G0R,0,24,24,0
70,gear-supplier_prod,G1A,0,214,214,0
70,gear-supplier_prod,G1C,0,500,500,0
70,gear-supplier_prod,G1D,0,318,318,0
70,gear-supplier_prod,G1Z,0,182,182,0
70,seat-supplier_inv,Q1A,0,178,178,0
70,seat-supplier_inv,Q2J,0,713,713,0
70,seat-supplier_inv,Q4H,0,841,841,0
70,seat-supplier_inv,Q4P,0,268,268,0
70,seat-supplier_prod,componment_seat1,6303,0,713,5590
70,seat-supplier_prod,componment_seat2,7262,0,841,6421
70,seat-supplier_prod,componment_seat3,2233,0,268,1965
70,seat-supplier_prod,componment_seat4,1435,0,178,1257
70,zp7,BEV,0,294,294,0
70,zp7,D02,134,26,51,109
70,zp7,D2I,89,62,37,114
70,zp7,D33,369,90,129,330
70,zp7,D36,3,0,1,2
70,zp7,D60,61,7,17,51
70,zp7,D64,253,171,114,310
70,zp7,D80,141,94,63,172
70,zp7,D83,1244,584,294,1534
70,zp7,DB0,18,5,7,16
70,zp7,DB8,46,8,18,36
70,zp7,DE2,6,3,2,7
70,zp7,DE4,83,60,39,104
70,zp7,DE5,158,51,50,159
70,zp7,DF4,12,1,4,9
70,zp7,DF6,12,1,2,11
70,zp7,DG6,735,181,240,676
70,zp7,DG8,414,125,134,405
70,zp7,DK7,154,99,74,179
70,zp7,DK8,543,158,187,514
70,zp7,DK9,32,7,11,28
70,zp7,DM4,23,5,6,22
70,zp7,DN1,12,2,1,13
70,zp7,DN4,748,189,275,662
70,zp7,DN6,26,9,11,24
70,zp7,DP2,101,25,34,92
70,zp7,DQ4,67,14,21,60
70,zp7,DQ9,297,68,84,281
70,zp7,DR8,64,13,19,58
70,zp7,DS9,188,42,75,155
70,zp7,G0C,129,113,90,152
70,zp7,G0K,944,726,583,1087
70,zp7,G0L,64,46,41,69
70,zp7,G0R,36,31,17,50
70,zp7,G1A,338,256,211,383
70,zp7,G1C,748,547,464,831
70,zp7,G1D,486,325,300,511
70,zp7,G1Z,1188,56,294,950
70,zp7,Q1A,0,178,178,0
70,zp7,Q2J,0,713,713,0
70,zp7,Q4H,0,841,841,0
70,zp7,Q4P,0,268,268,0
71,battery-supplier_inv,BEV,0,0,0,0
71,battery-supplier_prod,componment_battery1,0,0,0,0
71,battery-supplier_prod,componment_battery2,0,0,0,0
71,battery-supplier_prod,componment_battery3,0,0,0,0
71,engine-supplier_inv,D02,71,53,31,93
71,engine-supplier_inv,D2I,112,34,12,134
71,engine-supplier_inv,D33,323,145,87,381
71,engine-supplier_inv,D36,8,2,2,8
71,engine-supplier_inv,D60,29,20,8,41
71,engine-supplier_inv,D64,304,105,59,350
71,engine-supplier_inv,D80,208,55,36,227
71,engine-supplier_inv,D83,836,182,31,987
71,engine-supplier_inv,DB0,21,7,7,21
71,engine-supplier_inv,DB8,26,17,6,37
71,engine-supplier_inv,DE2,11,1,1,11
71,engine-supplier_inv,DE4,99,31,15,115
71,engine-supplier_inv,DE5,134,61,34,161
71,engine-supplier_inv,DF4,5,4,0,9
71,engine-supplier_inv,DF6,11,5,7,9
71,engine-supplier_inv,DG6,588,263,145,706
71,engine-supplier_inv,DG8,329,153,85,397
71,engine-supplier_inv,DK7,172,68,26,214
71,engine-supplier_inv,DK8,469,201,99,571
71,engine-supplier_inv,DK9,25,11,11,25
71,engine-supplier_inv,DM4,28,7,3,32
71,engine-supplier_inv,DN1,15,2,0,17
71,engine-supplier_inv,DN4,591,296,128,759
71,engine-supplier_inv,DN6,32,10,4,38
71,engine-supplier_inv,DP2,93,33,34,92
71,engine-supplier_inv,DQ4,53,24,12,65
71,engine-supplier_inv,DQ9,203,102,59,246
71,engine-supplier_inv,DR8,51,22,19,54
71,engine-supplier_inv,DS9,153,86,39,200
71,engine-supplier_prod,D02,0,0,0,0
71,engine-supplier_prod,D2I,0,0,0,0
71,engine-supplier_prod,D33,0,0,0,0
71,engine-supplier_prod,D36,0,0,0,0
71,engine-supplier_prod,D60,0,0,0,0
71,engine-supplier_prod,D64,0,0,0,0
71,engine-supplier_prod,D80,0,0,0,0
71,engine-supplier_prod,D83,0,0,0,0
71,engine-supplier_prod,DB0,0,0,0,0
71,engine-supplier_prod,DB8,0,0,0,0
71,engine-supplier_prod,DE2,0,0,0,0
71,engine-supplier_prod,DE4,0,0,0,0
71,engine-supplier_prod,DE5,0,0,0,0
71,engine-supplier_prod,DF4,0,0,0,0
71,engine-supplier_prod,DF6,0,0,0,0
71,engine-supplier_prod,DG6,0,0,0,0
71,engine-supplier_prod,DG8,0,0,0,0
71,engine-supplier_prod,DK7,0,0,0,0
71,engine-supplier_prod,DK8,0,0,0,0
71,engine-supplier_prod,DK9,0,0,0,0
71,engine-supplier_prod,DM4,0,0,0,0
71,engine-supplier_prod,DN1,0,0,0,0
71,engine-supplier_prod,DN4,0,0,0,0
71,engine-supplier_prod,DN6,0,0,0,0
71,engine-supplier_prod,DP2,0,0,0,0
71,engine-supplier_prod,DQ4,0,0,0,0
71,engine-supplier_prod,DQ9,0,0,0,0
71,engine-supplier_prod,DR8,0,0,0,0
71,engine-supplier_prod,DS9,0,0,0,0
71,gear-supplier_inv,G0C,169,80,41,208
71,gear-supplier_inv,G0K,813,589,319,1083
71,gear-supplier_inv,G0L,43,33,22,54
71,gear-supplier_inv,G0R,28,22,13,37
71,gear-supplier_inv,G1A,368,249,136,481
71,gear-supplier_inv,G1C,615,463,260,818
71,gear-supplier_inv,G1D,403,289,178,514
71,gear-supplier_inv,G1Z,561,275,31,805
71,gear-supplier_prod,G0C,0,0,0,0
71,gear-supplier_prod,G0K,0,0,0,0
71,gear-supplier_prod,G0L,0,0,0,0
71,gear-supplier_prod,G0R,0,0,0,0
71,gear-supplier_prod,G1A,0,0,0,0
71,gear-supplier_prod,G1C,0,0,0,0
71,gear-supplier_prod,G1D,0,0,0,0
71,gear-supplier_prod,G1Z,0,0,0,0
71,seat-supplier_inv,Q1A,0,165,165,0
71,seat-supplier_inv,Q2J,0,785,785,0
71,seat-supplier_inv,Q4H,0,787,787,0
71,seat-supplier_inv,Q4P,0,263,263,0
71,seat-supplier_prod,componment_seat1,5590,0,785,4805
71,seat-supplier_prod,componment_seat2,6421,0,787,5634
71,seat-supplier_prod,componment_seat3,1965,0,263,1702
71,seat-supplier_prod,componment_seat4,1257,0,165,1092
71,zp7,BEV,0,65,65,0
71,zp7,D02,109,45,49,105
71,zp7,D2I,114,28,31,111
71,zp7,D33,330,173,140,363
71,zp7,D36,2,3,1,4
71,zp7,D60,51,23,25,49
71,zp7,D64,310,92,95,307
71,zp7,D80,172,71,52,191
71,zp7,D83,1534,52,65,1521
71,zp7,DB0,16,13,8,21
71,zp7,DB8,36,13,16,33
71,zp7,DE2,7,4,2,9
71,zp7,DE4,104,18,27,95
71,zp7,DE5,159,66,69,156
71,zp7,DF4,9,6,6,9
71,zp7,DF6,11,6,9,8
71,zp7,DG6,676,329,314,691
71,zp7,DG8,405,174,163,416
71,zp7,DK7,179,46,56,169
71,zp7,DK8,514,260,225,549
71,zp7,DK9,28,17,15,30
71,zp7,DM4,22,11,12,21
71,zp7,DN1,13,5,6,12
71,zp7,DN4,662,307,296,673
71,zp7,DN6,24,10,10,24
71,zp7,DP2,92,44,39,97
71,zp7,DQ4,60,35,25,70
71,zp7,DQ9,281,125,135,271
71,zp7,DR8,58,38,30,66
71,zp7,DS9,155,86,79,162
71,zp7,G0C,152,91,87,156
71,zp7,G0K,1087,504,667,924
71,zp7,G0L,69,29,42,56
71,zp7,G0R,50,12,38,24
71,zp7,G1A,383,192,243,332
71,zp7,G1C,831,407,524,714
71,zp7,G1D,511,281,334,458
71,zp7,G1Z,950,584,65,1469
71,zp7,Q1A,0,165,165,0
71,zp7,Q2J,0,785,785,0
71,zp7,Q4H,0,787,787,0
71,zp7,Q4P,0,263,263,0
72,battery-supplier_inv,BEV,0,0,0,0
72,battery-supplier_prod,componment_battery1,0,0,0,0
72,battery-supplier_prod,componment_battery2,0,0,0,0
72,battery-supplier_prod,componment_battery3,0,0,0,0
72,engine-supplier_inv,D02,93,0,0,93
72,engine-supplier_inv,D2I,134,0,0,134
72,engine-supplier_inv,D33,381,0,0,381
72,engine-supplier_inv,D36,8,0,0,8
72,engine-supplier_inv,D60,41,0,0,41
72,engine-supplier_inv,D64,350,0,0,350
72,engine-supplier_inv,D80,227,0,0,227
72,engine-supplier_inv,D83,987,0,0,987
72,engine-supplier_inv,DB0,21,0,0,21
72,engine-supplier_inv,DB8,37,0,0,37
72,engine-supplier_inv,DE2,11,0,0,11
72,engine-supplier_inv,DE4,115,0,0,115
72,engine-supplier_inv,DE5,161,0,0,161
72,engine-supplier_inv,DF4,9,0,0,9
72,engine-supplier_inv,DF6,9,0,0,9
72,engine-supplier_inv,DG6,706,0,0,706
72,engine-supplier_inv,DG8,397,0,0,397
72,engine-supplier_inv,DK7,214,0,0,214
72,engine-supplier_inv,DK8,571,0,0,571
72,engine-supplier_inv,DK9,25,0,0,25
72,engine-supplier_inv,DM4,32,0,0,32
72,engine-supplier_inv,DN1,17,0,0,17
72,engine-supplier_inv,DN4,759,0,0,759
72,engine-supplier_inv,DN6,38,0,0,38
72,engine-supplier_inv,DP2,92,0,0,92
72,engine-supplier_inv,DQ4,65,0,0,65
72,engine-supplier_inv,DQ9,246,0,0,246
72,engine-supplier_inv,DR8,54,0,0,54
72,engine-supplier_inv,DS9,200,0,0,200
72,engine-supplier_prod,D02,0,0,0,0
72,engine-supplier_prod,D2I,0,0,0,0
72,engine-supplier_prod,D33,0,0,0,0
72,engine-supplier_prod,D36,0,0,0,0
72,engine-supplier_prod,D60,0,0,0,0
72,engine-supplier_prod,D64,0,0,0,0
72,engine-supplier_prod,D80,0,0,0,0
72,engine-supplier_prod,D83,0,0,0,0
72,engine-supplier_prod,DB0,0,0,0,0
72,engine-supplier_prod,DB8,0,0,0,0
72,engine-supplier_prod,DE2,0,0,0,0
72,engine-supplier_prod,DE4,0,0,0,0
72,engine-supplier_prod,DE5,0,0,0,0
72,engine-supplier_prod,DF4,0,0,0,0
72,engine-supplier_prod,DF6,0,0,0,0
72,engine-supplier_prod,DG6,0,0,0,0
72,engine-supplier_prod,DG8,0,0,0,0
72,engine-supplier_prod,DK7,0,0,0,0
72,engine-supplier_prod,DK8,0,0,0,0
72,engine-supplier_prod,DK9,0,0,0,0
72,engine-supplier_prod,DM4,0,0,0,0
72,engine-supplier_prod,DN1,0,0,0,0
72,engine-supplier_prod,DN4,0,0,0,0
72,engine-supplier_prod,DN6,0,0,0,0
72,engine-supplier_prod,DP2,0,0,0,0
72,engine-supplier_prod,DQ4,0,0,0,0
72,engine-supplier_prod,DQ9,0,0,0,0
72,engine-supplier_prod,DR8,0,0,0,0
72,engine-supplier_prod,DS9,0,0,0,0
72,gear-supplier_inv,G0C,208,89,0,297
72,gear-supplier_inv,G0K,1083,631,0,1714
72,gear-supplier_inv,G0L,54,42,0,96
72,gear-supplier_inv,G0R,37,24,0,61
72,gear-supplier_inv,G1A,481,214,0,695
72,gear-supplier_inv,G1C,818,500,0,1318
72,gear-supplier_inv,G1D,514,318,0,832
72,gear-supplier_inv,G1Z,805,182,0,987
72,gear-supplier_prod,G0C,0,0,0,0
72,gear-supplier_prod,G0K,0,0,0,0
72,gear-supplier_prod,G0L,0,0,0,0
72,gear-supplier_prod,G0R,0,0,0,0
72,gear-supplier_prod,G1A,0,0,0,0
72,gear-supplier_prod,G1C,0,0,0,0
72,gear-supplier_prod,G1D,0,0,0,0
72,gear-supplier_prod,G1Z,0,0,0,0
72,seat-supplier_inv,Q1A,0,188,188,0
72,seat-supplier_inv,Q2J,0,745,745,0
72,seat-supplier_inv,Q4H,0,767,767,0
72,seat-supplier_inv,Q4P,0,300,300,0
72,seat-supplier_prod,componment_seat1,4805,0,745,4060
72,seat-supplier_prod,componment_seat2,5634,0,767,4867
72,seat-supplier_prod,componment_seat3,1702,0,300,1402
72,seat-supplier_prod,componment_seat4,1092,0,188,904
72,zp7,BEV,0,0,0,0
72,zp7,D02,105,31,53,83
72,zp7,D2I,111,12,45,78
72,zp7,D33,363,87,146,304
72,zp7,D36,4,2,1,5
72,zp7,D60,49,8,26,31
72,zp7,D64,307,59,120,246
72,zp7,D80,191,36,71,156
72,zp7,D83,1521,31,0,1552
72,zp7,DB0,21,7,8,20
72,zp7,DB8,33,6,19,20
72,zp7,DE2,9,1,4,6
72,zp7,DE4,95,15,43,67
72,zp7,DE5,156,34,67,123
72,zp7,DF4,9,0,2,7
72,zp7,DF6,8,7,2,13
72,zp7,DG6,691,145,297,539
72,zp7,DG8,416,85,185,316
72,zp7,DK7,169,26,65,130
72,zp7,DK8,549,99,226,422
72,zp7,DK9,30,11,11,30
72,zp7,DM4,21,3,9,15
72,zp7,DN1,12,0,6,6
72,zp7,DN4,673,128,297,504
72,zp7,DN6,24,4,14,14
72,zp7,DP2,97,34,45,86
72,zp7,DQ4,70,12,31,51
72,zp7,DQ9,271,59,118,212
72,zp7,DR8,66,19,25,60
72,zp7,DS9,162,39,64,137
72,zp7,G0C,156,98,111,143
72,zp7,G0K,924,718,698,944
72,zp7,G0L,56,48,51,53
72,zp7,G0R,24,24,21,27
72,zp7,G1A,332,305,251,386
72,zp7,G1C,714,541,535,720
72,zp7,G1D,458,314,333,439
72,zp7,G1Z,1469,52,0,1521
72,zp7,Q1A,0,188,188,0
72,zp7,Q2J,0,745,745,0
72,zp7,Q4H,0,767,767,0
72,zp7,Q4P,0,300,300,0
73,battery-supplier_inv,BEV,0,0,0,0
73,battery-supplier_prod,componment_battery1,0,4220,0,4220
73,battery-supplier_prod,componment_battery2,0,2532,0,2532
73,battery-supplier_prod,componment_battery3,0,1688,0,1688
73,engine-supplier_inv,D02,93,0,0,93
73,engine-supplier_inv,D2I,134,0,0,134
73,engine-supplier_inv,D33,381,0,0,381
73,engine-supplier_inv,D36,8,0,0,8
73,engine-supplier_inv,D60,41,0,0,41
73,engine-supplier_inv,D64,350,0,0,350
73,engine-supplier_inv,D80,227,0,0,227
73,engine-supplier_inv,D83,987,0,0,987
73,engine-supplier_inv,DB0,21,0,0,21
73,engine-supplier_inv,DB8,37,0,0,37
73,engine-supplier_inv,DE2,11,0,0,11
73,engine-supplier_inv,DE4,115,0,0,115
73,engine-supplier_inv,DE5,161,0,0,161
73,engine-supplier_inv,DF4,9,0,0,9
73,engine-supplier_inv,DF6,9,0,0,9
73,engine-supplier_inv,DG6,706,0,0,706
73,engine-supplier_inv,DG8,397,0,0,397
73,engine-supplier_inv,DK7,214,0,0,214
73,engine-supplier_inv,DK8,571,0,0,571
73,engine-supplier_inv,DK9,25,0,0,25
73,engine-supplier_inv,DM4,32,0,0,32
73,engine-supplier_inv,DN1,17,0,0,17
73,engine-supplier_inv,DN4,759,0,0,759
73,engine-supplier_inv,DN6,38,0,0,38
73,engine-supplier_inv,DP2,92,0,0,92
73,engine-supplier_inv,DQ4,65,0,0,65
73,engine-supplier_inv,DQ9,246,0,0,246
73,engine-supplier_inv,DR8,54,0,0,54
73,engine-supplier_inv,DS9,200,0,0,200
73,engine-supplier_prod,D02,0,0,0,0
73,engine-supplier_prod,D2I,0,0,0,0
73,engine-supplier_prod,D33,0,0,0,0
73,engine-supplier_prod,D36,0,0,0,0
73,engine-supplier_prod,D60,0,0,0,0
73,engine-supplier_prod,D64,0,0,0,0
73,engine-supplier_prod,D80,0,0,0,0
73,engine-supplier_prod,D83,0,0,0,0
73,engine-supplier_prod,DB0,0,0,0,0
73,engine-supplier_prod,DB8,0,0,0,0
73,engine-supplier_prod,DE2,0,0,0,0
73,engine-supplier_prod,DE4,0,0,0,0
73,engine-supplier_prod,DE5,0,0,0,0
73,engine-supplier_prod,DF4,0,0,0,0
73,engine-supplier_prod,DF6,0,0,0,0
73,engine-supplier_prod,DG6,0,0,0,0
73,engine-supplier_prod,DG8,0,0,0,0
73,engine-supplier_prod,DK7,0,0,0,0
73,engine-supplier_prod,DK8,0,0,0,0
73,engine-supplier_prod,DK9,0,0,0,0
73,engine-supplier_prod,DM4,0,0,0,0
73,engine-supplier_prod,DN1,0,0,0,0
73,engine-supplier_prod,DN4,0,0,0,0
73,engine-supplier_prod,DN6,0,0,0,0
73,engine-supplier_prod,DP2,0,0,0,0
73,engine-supplier_prod,DQ4,0,0,0,0
73,engine-supplier_prod,DQ9,0,0,0,0
73,engine-supplier_prod,DR8,0,0,0,0
73,engine-supplier_prod,DS9,0,0,0,0
73,gear-supplier_inv,G0C,297,0,0,297
73,gear-supplier_inv,G0K,1714,0,0,1714
73,gear-supplier_inv,G0L,96,0,0,96
73,gear-supplier_inv,G0R,61,0,0,61
73,gear-supplier_inv,G1A,695,0,0,695
73,gear-supplier_inv,G1C,1318,0,0,1318
73,gear-supplier_inv,G1D,832,0,0,832
73,gear-supplier_inv,G1Z,987,0,0,987
73,gear-supplier_prod,G0C,0,0,0,0
73,gear-supplier_prod,G0K,0,0,0,0
73,gear-supplier_prod,G0L,0,0,0,0
73,gear-supplier_prod,G0R,0,0,0,0
73,gear-supplier_prod,G1A,0,0,0,0
73,gear-supplier_prod,G1C,0,0,0,0
73,gear-supplier_prod,G1D,0,0,0,0
73,gear-supplier_prod,G1Z,0,0,0,0
73,seat-supplier_inv,Q1A,0,171,171,0
73,seat-supplier_inv,Q2J,0,616,616,0
73,seat-supplier_inv,Q4H,0,669,669,0
73,seat-supplier_inv,Q4P,0,276,276,0
73,seat-supplier_prod,componment_seat1,4060,0,616,3444
73,seat-supplier_prod,componment_seat2,4867,0,669,4198
73,seat-supplier_prod,componment_seat3,1402,0,276,1126
73,seat-supplier_prod,componment_seat4,904,0,171,733
73,zp7,BEV,0,0,0,0
73,zp7,D02,83,0,34,49
73,zp7,D2I,78,0,56,22
73,zp7,D33,304,0,126,178
73,zp7,D36,5,0,2,3
73,zp7,D60,31,0,11,20
73,zp7,D64,246,0,144,102
73,zp7,D80,156,0,81,75
73,zp7,D83,1552,0,0,1552
73,zp7,DB0,20,0,10,10
73,zp7,DB8,20,0,5,15
73,zp7,DE2,6,0,4,2
73,zp7,DE4,67,0,41,26
73,zp7,DE5,123,0,52,71
73,zp7,DF4,7,0,5,2
73,zp7,DF6,13,0,1,12
73,zp7,DG6,539,0,244,295
73,zp7,DG8,316,0,155,161
73,zp7,DK7,130,0,78,52
73,zp7,DK8,422,0,197,225
73,zp7,DK9,30,0,10,20
73,zp7,DM4,15,0,8,7
73,zp7,DN1,6,0,4,2
73,zp7,DN4,504,0,226,278
73,zp7,DN6,14,0,7,7
73,zp7,DP2,86,0,30,56
73,zp7,DQ4,51,0,24,27
73,zp7,DQ9,212,0,102,110
73,zp7,DR8,60,0,21,39
73,zp7,DS9,137,0,54,83
73,zp7,G0C,143,41,100,84
73,zp7,G0K,944,319,597,666
73,zp7,G0L,53,22,29,46
73,zp7,G0R,27,13,15,25
73,zp7,G1A,386,136,234,288
73,zp7,G1C,720,260,471,509
73,zp7,G1D,439,178,286,331
73,zp7,G1Z,1521,31,0,1552
73,zp7,Q1A,0,171,171,0
73,zp7,Q2J,0,616,616,0
73,zp7,Q4H,0,669,669,0
73,zp7,Q4P,0,276,276,0
74,battery-supplier_inv,BEV,0,0,0,0
74,battery-supplier_prod,componment_battery1,4220,0,0,4220
74,battery-supplier_prod,componment_battery2,2532,0,0,2532
74,battery-supplier_prod,componment_battery3,1688,0,0,1688
74,engine-supplier_inv,D02,93,0,0,93
74,engine-supplier_inv,D2I,134,0,0,134
74,engine-supplier_inv,D33,381,0,0,381
74,engine-supplier_inv,D36,8,0,0,8
74,engine-supplier_inv,D60,41,0,0,41
74,engine-supplier_inv,D64,350,0,0,350
74,engine-supplier_inv,D80,227,0,0,227
74,engine-supplier_inv,D83,987,0,0,987
74,engine-supplier_inv,DB0,21,0,0,21
74,engine-supplier_inv,DB8,37,0,0,37
74,engine-supplier_inv,DE2,11,0,0,11
74,engine-supplier_inv,DE4,115,0,0,115
74,engine-supplier_inv,DE5,161,0,0,161
74,engine-supplier_inv,DF4,9,0,0,9
74,engine-supplier_inv,DF6,9,0,0,9
74,engine-supplier_inv,DG6,706,0,0,706
74,engine-supplier_inv,DG8,397,0,0,397
74,engine-supplier_inv,DK7,214,0,0,214
74,engine-supplier_inv,DK8,571,0,0,571
74,engine-supplier_inv,DK9,25,0,0,25
74,engine-supplier_inv,DM4,32,0,0,32
74,engine-supplier_inv,DN1,17,0,0,17
74,engine-supplier_inv,DN4,759,0,0,759
74,engine-supplier_inv,DN6,38,0,0,38
74,engine-supplier_inv,DP2,92,0,0,92
74,engine-supplier_inv,DQ4,65,0,0,65
74,engine-supplier_inv,DQ9,246,0,0,246
74,engine-supplier_inv,DR8,54,0,0,54
74,engine-supplier_inv,DS9,200,0,0,200
74,engine-supplier_prod,D02,0,0,0,0
74,engine-supplier_prod,D2I,0,0,0,0
74,engine-supplier_prod,D33,0,0,0,0
74,engine-supplier_prod,D36,0,0,0,0
74,engine-supplier_prod,D60,0,0,0,0
74,engine-supplier_prod,D64,0,0,0,0
74,engine-supplier_prod,D80,0,0,0,0
74,engine-supplier_prod,D83,0,0,0,0
74,engine-supplier_prod,DB0,0,0,0,0
74,engine-supplier_prod,DB8,0,0,0,0
74,engine-supplier_prod,DE2,0,0,0,0
74,engine-supplier_prod,DE4,0,0,0,0
74,engine-supplier_prod,DE5,0,0,0,0
74,engine-supplier_prod,DF4,0,0,0,0
74,engine-supplier_prod,DF6,0,0,0,0
74,engine-supplier_prod,DG6,0,0,0,0
74,engine-supplier_prod,DG8,0,0,0,0
74,engine-supplier_prod,DK7,0,0,0,0
74,engine-supplier_prod,DK8,0,0,0,0
74,engine-supplier_prod,DK9,0,0,0,0
74,engine-supplier_prod,DM4,0,0,0,0
74,engine-supplier_prod,DN1,0,0,0,0
74,engine-supplier_prod,DN4,0,0,0,0
74,engine-supplier_prod,DN6,0,0,0,0
74,engine-supplier_prod,DP2,0,0,0,0
74,engine-supplier_prod,DQ4,0,0,0,0
74,engine-supplier_prod,DQ9,0,0,0,0
74,engine-supplier_prod,DR8,0,0,0,0
74,engine-supplier_prod,DS9,0,0,0,0
74,gear-supplier_inv,G0C,297,0,0,297
74,gear-supplier_inv,G0K,1714,0,0,1714
74,gear-supplier_inv,G0L,96,0,0,96
74,gear-supplier_inv,G0R,61,0,0,61
74,gear-supplier_inv,G1A,695,0,0,695
74,gear-supplier_inv,G1C,1318,0,0,1318
74,gear-supplier_inv,G1D,832,0,0,832
74,gear-supplier_inv,G1Z,987,0,0,987
74,gear-supplier_prod,G0C,0,0,0,0
74,gear-supplier_prod,G0K,0,0,0,0
74,gear-supplier_prod,G0L,0,0,0,0
74,gear-supplier_prod,G0R,0,0,0,0
74,gear-supplier_prod,G1A,0,0,0,0
74,gear-supplier_prod,G1C,0,0,0,0
74,gear-supplier_prod,G1D,0,0,0,0
74,gear-supplier_prod,G1Z,0,0,0,0
74,seat-supplier_inv,Q1A,0,196,196,0
74,seat-supplier_inv,Q2J,0,687,687,0
74,seat-supplier_inv,Q4H,0,762,762,0
74,seat-supplier_inv,Q4P,0,304,304,0
74,seat-supplier_prod,componment_seat1,3444,0,687,2757
74,seat-supplier_prod,componment_seat2,4198,0,762,3436
74,seat-supplier_prod,componment_seat3,1126,0,304,822
74,seat-supplier_prod,componment_seat4,733,0,196,537
74,zp7,BEV,0,0,0,0
74,zp7,D02,49,0,49,0
74,zp7,D2I,22,0,22,0
74,zp7,D33,178,0,178,0
74,zp7,D36,3,0,3,0
74,zp7,D60,20,0,20,0
74,zp7,D64,102,0,102,0
74,zp7,D80,75,0,75,0
74,zp7,D83,1552,0,0,1552
74,zp7,DB0,10,0,10,0
74,zp7,DB8,15,0,15,0
74,zp7,DE2,2,0,2,0
74,zp7,DE4,26,0,26,0
74,zp7,DE5,71,0,71,0
74,zp7,DF4,2,0,2,0
74,zp7,DF6,12,0,12,0
74,zp7,DG6,295,0,295,0
74,zp7,DG8,161,0,161,0
74,zp7,DK7,52,0,52,0
74,zp7,DK8,225,0,225,0
74,zp7,DK9,20,0,20,0
74,zp7,DM4,7,0,7,0
74,zp7,DN1,2,0,2,0
74,zp7,DN4,278,0,278,0
74,zp7,DN6,7,0,7,0
74,zp7,DP2,56,0,56,0
74,zp7,DQ4,27,0,27,0
74,zp7,DQ9,110,0,110,0
74,zp7,DR8,39,0,39,0
74,zp7,DS9,83,0,83,0
74,zp7,G0C,84,0,84,0
74,zp7,G0K,666,0,666,0
74,zp7,G0L,46,0,46,0
74,zp7,G0R,25,0,25,0
74,zp7,G1A,288,0,288,0
74,zp7,G1C,509,0,509,0
74,zp7,G1D,331,0,331,0
74,zp7,G1Z,1552,0,0,1552
74,zp7,Q1A,0,196,196,0
74,zp7,Q2J,0,687,687,0
74,zp7,Q4H,0,762,762,0
74,zp7,Q4P,0,304,304,0
