period,node_id,product_id,available_after_existing_arrivals,consumed_in_simulation,remaining_after_simulation
61,battery-supplier_inv,BEV,159,0,159
61,battery-supplier_prod,componment_battery1,930,0,930
61,battery-supplier_prod,componment_battery2,558,0,558
61,battery-supplier_prod,componment_battery3,372,0,372
61,engine-supplier_inv,D02,150,0,150
61,engine-supplier_inv,D2I,172,0,172
61,engine-supplier_inv,D33,488,0,488
61,engine-supplier_inv,D36,8,0,8
61,engine-supplier_inv,D60,64,0,64
61,engine-supplier_inv,D64,477,0,477
61,engine-supplier_inv,D80,286,0,286
61,engine-supplier_inv,D83,1233,0,1233
61,engine-supplier_inv,DB0,31,0,31
61,engine-supplier_inv,DB8,50,0,50
61,engine-supplier_inv,DE2,12,0,12
61,engine-supplier_inv,DE4,162,0,162
61,engine-supplier_inv,DE5,225,0,225
61,engine-supplier_inv,DF4,12,0,12
61,engine-supplier_inv,DF6,12,0,12
61,engine-supplier_inv,DG6,987,0,987
61,engine-supplier_inv,DG8,555,0,555
61,engine-supplier_inv,DK7,289,0,289
61,engine-supplier_inv,DK8,760,0,760
61,engine-supplier_inv,DK9,44,0,44
61,engine-supplier_inv,DM4,33,0,33
61,engine-supplier_inv,DN1,17,0,17
61,engine-supplier_inv,DN4,981,0,981
61,engine-supplier_inv,DN6,41,0,41
61,engine-supplier_inv,DP2,131,0,131
61,engine-supplier_inv,DQ4,84,0,84
61,engine-supplier_inv,DQ9,374,0,374
61,engine-supplier_inv,DR8,82,0,82
61,engine-supplier_inv,DS9,240,0,240
61,gear-supplier_inv,G0C,274,0,274
61,gear-supplier_inv,G0K,1778,0,1778
61,gear-supplier_inv,G0L,115,0,115
61,gear-supplier_inv,G0R,65,0,65
61,gear-supplier_inv,G1A,662,0,662
61,gear-supplier_inv,G1C,1379,0,1379
61,gear-supplier_inv,G1D,878,0,878
61,gear-supplier_inv,G1Z,849,0,849
61,seat-supplier_prod,componment_seat1,2155,768,1387
61,seat-supplier_prod,componment_seat2,2480,760,1720
61,seat-supplier_prod,componment_seat3,822,271,551
61,seat-supplier_prod,componment_seat4,543,201,342
61,zp7,BEV,252,52,200
61,zp7,D02,120,43,77
61,zp7,D2I,110,32,78
61,zp7,D33,454,168,286
61,zp7,D36,6,3,3
61,zp7,D60,55,25,30
61,zp7,D64,316,94,222
61,zp7,D80,212,65,147
61,zp7,D83,504,52,452
61,zp7,DB0,25,11,14
61,zp7,DB8,39,11,28
61,zp7,DE2,11,4,7
61,zp7,DE4,87,16,71
61,zp7,DE5,178,66,112
61,zp7,DF4,12,7,5
61,zp7,DF6,18,5,13
61,zp7,DG6,815,299,516
61,zp7,DG8,472,161,311
61,zp7,DK7,164,38,126
61,zp7,DK8,643,260,383
61,zp7,DK9,36,12,24
61,zp7,DM4,33,15,18
61,zp7,DN1,17,5,12
61,zp7,DN4,818,278,540
61,zp7,DN6,34,12,22
61,zp7,DP2,128,42,86
61,zp7,DQ4,85,39,46
61,zp7,DQ9,308,118,190
61,zp7,DR8,81,29,52
61,zp7,DS9,219,90,129
61,zp7,G0C,197,112,85
61,zp7,G0K,1234,661,573
61,zp7,G0L,76,37,39
61,zp7,G0R,44,26,18
61,zp7,G1A,513,268,245
61,zp7,G1C,987,535,452
61,zp7,G1D,604,309,295
61,zp7,G1Z,345,52,293
