order_product_id,due_period,status,reason
64001,61,Produced,
64002,61,Produced,
64003,61,Produced,
64004,61,Produced,
64005,61,Produced,
64006,61,Produced,
64007,61,Produced,
64008,61,Produced,
64009,61,Produced,
64010,61,Produced,
64011,61,Produced,
64012,61,Produced,
64013,61,Produced,
64014,61,Produced,
64015,61,Produced,
64016,61,Produced,
64017,61,Produced,
64018,61,Produced,
64019,61,Produced,
64020,61,Produced,
64021,61,Produced,
64022,61,Produced,
64023,61,Produced,
64024,61,Produced,
64025,61,Produced,
64026,61,Produced,
64027,61,Produced,
64028,61,Produced,
64029,61,Produced,
64030,61,Produced,
64031,61,Produced,
64032,61,Produced,
64033,61,Produced,
64034,61,Produced,
64035,61,Produced,
64036,61,Produced,
64037,61,Produced,
64038,61,Produced,
64039,61,Produced,
64040,61,Produced,
64041,61,Produced,
64042,61,Produced,
64043,61,Produced,
64044,61,Produced,
64045,61,Produced,
64046,61,Produced,
64047,61,Produced,
64048,61,Produced,
64049,61,Produced,
64050,61,Produced,
64051,61,Produced,
64052,61,Produced,
64053,61,Produced,
64054,61,Produced,
64055,61,Produced,
64056,61,Produced,
64057,61,Produced,
64058,61,Produced,
64059,61,Produced,
64060,61,Produced,
64061,61,Produced,
64062,61,Produced,
64063,61,Produced,
64064,61,Produced,
64065,61,Produced,
64066,61,Produced,
64067,61,Produced,
64068,61,Produced,
64069,61,Produced,
64070,61,Produced,
64071,61,Produced,
64072,61,Produced,
64073,61,Produced,
64074,61,Produced,
64075,61,Produced,
64076,61,Produced,
64077,61,Produced,
64078,61,Produced,
64079,61,Produced,
64080,61,Produced,
64081,61,Produced,
64082,61,Produced,
64083,61,Produced,
64084,61,Produced,
64085,61,Produced,
64086,61,Produced,
64087,61,Produced,
64088,61,Produced,
64089,61,Produced,
64090,61,Produced,
64091,61,Produced,
64092,61,Produced,
64093,61,Produced,
64094,61,Produced,
64095,61,Produced,
64096,61,Produced,
64097,61,Produced,
64098,61,Produced,
64099,61,Produced,
64100,61,Produced,
64101,61,Produced,
64102,61,Produced,
64103,61,Produced,
64104,61,Produced,
64105,61,Produced,
64106,61,Produced,
64107,61,Produced,
64108,61,Produced,
64109,61,Produced,
64110,61,Produced,
64111,61,Produced,
64112,61,Produced,
64113,61,Produced,
64114,61,Produced,
64115,61,Produced,
64116,61,Produced,
64117,61,Produced,
64118,61,Produced,
64119,61,Produced,
64120,61,Produced,
64121,61,Produced,
64122,61,Produced,
64123,61,Produced,
64124,61,Produced,
64125,61,Produced,
64126,61,Produced,
64127,61,Produced,
64128,61,Produced,
64129,61,Produced,
64130,61,Produced,
64131,61,Produced,
64132,61,Produced,
64133,61,Produced,
64134,61,Produced,
64135,61,Produced,
64136,61,Produced,
64137,61,Produced,
64138,61,Produced,
64139,61,Produced,
64140,61,Produced,
64141,61,Produced,
64142,61,Produced,
64143,61,Produced,
64144,61,Produced,
64145,61,Produced,
64146,61,Produced,
64147,61,Produced,
64148,61,Produced,
64149,61,Produced,
64150,61,Produced,
64151,61,Produced,
64152,61,Produced,
64153,61,Produced,
64154,61,Produced,
64155,61,Produced,
64156,61,Produced,
64157,61,Produced,
64158,61,Produced,
64159,61,Produced,
64160,61,Produced,
64161,61,Produced,
64162,61,Produced,
64163,61,Produced,
64164,61,Produced,
64165,61,Produced,
64166,61,Produced,
64167,61,Produced,
64168,61,Produced,
64169,61,Produced,
64170,61,Produced,
64171,61,Produced,
64172,61,Produced,
64173,61,Produced,
64174,61,Produced,
64175,61,Produced,
64176,61,Produced,
64177,61,Produced,
64178,61,Produced,
64179,61,Produced,
64180,61,Produced,
64181,61,Produced,
64182,61,Produced,
64183,61,Produced,
64184,61,Produced,
64185,61,Produced,
64186,61,Produced,
64187,61,Produced,
64188,61,Produced,
64189,61,Produced,
64190,61,Produced,
64191,61,Produced,
64192,61,Produced,
64193,61,Produced,
64194,61,Produced,
64195,61,Produced,
64196,61,Produced,
64197,61,Produced,
64198,61,Produced,
64199,61,Produced,
64200,61,Produced,
64201,61,Produced,
64202,61,Produced,
64203,61,Produced,
64204,61,Produced,
64205,61,Produced,
64206,61,Produced,
64207,61,Produced,
64208,61,Produced,
64209,61,Produced,
64210,61,Produced,
64211,61,Produced,
64212,61,Produced,
64213,61,Produced,
64214,61,Produced,
64215,61,Produced,
64216,61,Produced,
64217,61,Produced,
64218,61,Produced,
64219,61,Produced,
64220,61,Produced,
64221,61,Produced,
64222,61,Produced,
64223,61,Produced,
64224,61,Produced,
64225,61,Produced,
64226,61,Produced,
64227,61,Produced,
64228,61,Produced,
64229,61,Produced,
64230,61,Produced,
64231,61,Produced,
64232,61,Produced,
64233,61,Produced,
64234,61,Produced,
64235,61,Produced,
64236,61,Produced,
64237,61,Produced,
64238,61,Produced,
64239,61,Produced,
64240,61,Produced,
64241,61,Produced,
64242,61,Produced,
64243,61,Produced,
64244,61,Produced,
64245,61,Produced,
64246,61,Produced,
64247,61,Produced,
64248,61,Produced,
64249,61,Produced,
64250,61,Produced,
64251,61,Produced,
64252,61,Produced,
64253,61,Produced,
64254,61,Produced,
64255,61,Produced,
64256,61,Produced,
64257,61,Produced,
64258,61,Produced,
64259,61,Produced,
64260,61,Produced,
64261,61,Produced,
64262,61,Produced,
64263,61,Produced,
64264,61,Produced,
64265,61,Produced,
64266,61,Produced,
64267,61,Produced,
64268,61,Produced,
64269,61,Produced,
64270,61,Produced,
64271,61,Produced,
64272,61,Produced,
64273,61,Produced,
64274,61,Produced,
64275,61,Produced,
64276,61,Produced,
64277,61,Produced,
64278,61,Produced,
64279,61,Produced,
64280,61,Produced,
64281,61,Produced,
64282,61,Produced,
64283,61,Produced,
64284,61,Produced,
64285,61,Produced,
64286,61,Produced,
64287,61,Produced,
64288,61,Produced,
64289,61,Produced,
64290,61,Produced,
64291,61,Produced,
64292,61,Produced,
64293,61,Produced,
64294,61,Produced,
64295,61,Produced,
64296,61,Produced,
64297,61,Produced,
64298,61,Produced,
64299,61,Produced,
64300,61,Produced,
64301,61,Produced,
64302,61,Produced,
64303,61,Produced,
64304,61,Produced,
64305,61,Produced,
64306,61,Produced,
64307,61,Produced,
64308,61,Produced,
64309,61,Produced,
64310,61,Produced,
64311,61,Produced,
64312,61,Produced,
64313,61,Produced,
64314,61,Produced,
64315,61,Produced,
64316,61,Produced,
64317,61,Produced,
64318,61,Produced,
64319,61,Produced,
64320,61,Produced,
64321,61,Produced,
64322,61,Produced,
64323,61,Produced,
64324,61,Produced,
64325,61,Produced,
64326,61,Produced,
64327,61,Produced,
64328,61,Produced,
64329,61,Produced,
64330,61,Produced,
64331,61,Produced,
64332,61,Produced,
64333,61,Produced,
64334,61,Produced,
64335,61,Produced,
64336,61,Produced,
64337,61,Produced,
64338,61,Produced,
64339,61,Produced,
64340,61,Produced,
64341,61,Produced,
64342,61,Produced,
64343,61,Produced,
64344,61,Produced,
64345,61,Produced,
64346,61,Produced,
64347,61,Produced,
64348,61,Produced,
64349,61,Produced,
64350,61,Produced,
64351,61,Produced,
64352,61,Produced,
64353,61,Produced,
64354,61,Produced,
64355,61,Produced,
64356,61,Produced,
64357,61,Produced,
64358,61,Produced,
64359,61,Produced,
64360,61,Produced,
64361,61,Produced,
64362,61,Produced,
64363,61,Produced,
64364,61,Produced,
64365,61,Produced,
64366,61,Produced,
64367,61,Produced,
64368,61,Produced,
64369,61,Produced,
64370,61,Produced,
64371,61,Produced,
64372,61,Produced,
64373,61,Produced,
64374,61,Produced,
64375,61,Produced,
64376,61,Produced,
64377,61,Produced,
64378,61,Produced,
64379,61,Produced,
64380,61,Produced,
64381,61,Produced,
64382,61,Produced,
64383,61,Produced,
64384,61,Produced,
64385,61,Produced,
64386,61,Produced,
64387,61,Produced,
64388,61,Produced,
64389,61,Produced,
64390,61,Produced,
64391,61,Produced,
64392,61,Produced,
64393,61,Produced,
64394,61,Produced,
64395,61,Produced,
64396,61,Produced,
64397,61,Produced,
64398,61,Produced,
64399,61,Produced,
64400,61,Produced,
64401,61,Produced,
64402,61,Produced,
64403,61,Produced,
64404,61,Produced,
64405,61,Produced,
64406,61,Produced,
64407,61,Produced,
64408,61,Produced,
64409,61,Produced,
64410,61,Produced,
64411,61,Produced,
64412,61,Produced,
64413,61,Produced,
64414,61,Produced,
64415,61,Produced,
64416,61,Produced,
64417,61,Produced,
64418,61,Produced,
64419,61,Produced,
64420,61,Produced,
64421,61,Produced,
64422,61,Produced,
64423,61,Produced,
64424,61,Produced,
64425,61,Produced,
64426,61,Produced,
64427,61,Produced,
64428,61,Produced,
64429,61,Produced,
64430,61,Produced,
64431,61,Produced,
64432,61,Produced,
64433,61,Produced,
64434,61,Produced,
64435,61,Produced,
64436,61,Produced,
64437,61,Produced,
64438,61,Produced,
64439,61,Produced,
64440,61,Produced,
64441,61,Produced,
64442,61,Produced,
64443,61,Produced,
64444,61,Produced,
64445,61,Produced,
64446,61,Produced,
64447,61,Produced,
64448,61,Produced,
64449,61,Produced,
64450,61,Produced,
64451,61,Produced,
64452,61,Produced,
64453,61,Produced,
64454,61,Produced,
64455,61,Produced,
64456,61,Produced,
64457,61,Produced,
64458,61,Produced,
64459,61,Produced,
64460,61,Produced,
64461,61,Produced,
64462,61,Produced,
64463,61,Produced,
64464,61,Produced,
64465,61,Produced,
64466,61,Produced,
64467,61,Produced,
64468,61,Produced,
64469,61,Produced,
64470,61,Produced,
64471,61,Produced,
64472,61,Produced,
64473,61,Produced,
64474,61,Produced,
64475,61,Produced,
64476,61,Produced,
64477,61,Produced,
64478,61,Produced,
64479,61,Produced,
64480,61,Produced,
64481,61,Produced,
64482,61,Produced,
64483,61,Produced,
64484,61,Produced,
64485,61,Produced,
64486,61,Produced,
64487,61,Produced,
64488,61,Produced,
64489,61,Produced,
64490,61,Produced,
64491,61,Produced,
64492,61,Produced,
64493,61,Produced,
64494,61,Produced,
64495,61,Produced,
64496,61,Produced,
64497,61,Produced,
64498,61,Produced,
64499,61,Produced,
64500,61,Produced,
64501,61,Produced,
64502,61,Produced,
64503,61,Produced,
64504,61,Produced,
64505,61,Produced,
64506,61,Produced,
64507,61,Produced,
64508,61,Produced,
64509,61,Produced,
64510,61,Produced,
64511,61,Produced,
64512,61,Produced,
64513,61,Produced,
64514,61,Produced,
64515,61,Produced,
64516,61,Produced,
64517,61,Produced,
64518,61,Produced,
64519,61,Produced,
64520,61,Produced,
64521,61,Produced,
64522,61,Produced,
64523,61,Produced,
64524,61,Produced,
64525,61,Produced,
64526,61,Produced,
64527,61,Produced,
64528,61,Produced,
64529,61,Produced,
64530,61,Produced,
64531,61,Produced,
64532,61,Produced,
64533,61,Produced,
64534,61,Produced,
64535,61,Produced,
64536,61,Produced,
64537,61,Produced,
64538,61,Produced,
64539,61,Produced,
64540,61,Produced,
64541,61,Produced,
64542,61,Produced,
64543,61,Produced,
64544,61,Produced,
64545,61,Produced,
64546,61,Produced,
64547,61,Produced,
64548,61,Produced,
64549,61,Produced,
64550,61,Produced,
64551,61,Produced,
64552,61,Produced,
64553,61,Produced,
64554,61,Produced,
64555,61,Produced,
64556,61,Produced,
64557,61,Produced,
64558,61,Produced,
64559,61,Produced,
64560,61,Produced,
64561,61,Produced,
64562,61,Produced,
64563,61,Produced,
64564,61,Produced,
64565,61,Produced,
64566,61,Produced,
64567,61,Produced,
64568,61,Produced,
64569,61,Produced,
64570,61,Produced,
64571,61,Produced,
64572,61,Produced,
64573,61,Produced,
64574,61,Produced,
64575,61,Produced,
64576,61,Produced,
64577,61,Produced,
64578,61,Produced,
64579,61,Produced,
64580,61,Produced,
64581,61,Produced,
64582,61,Produced,
64583,61,Produced,
64584,61,Produced,
64585,61,Produced,
64586,61,Produced,
64587,61,Produced,
64588,61,Produced,
64589,61,Produced,
64590,61,Produced,
64591,61,Produced,
64592,61,Produced,
64593,61,Produced,
64594,61,Produced,
64595,61,Produced,
64596,61,Produced,
64597,61,Produced,
64598,61,Produced,
64599,61,Produced,
64600,61,Produced,
64601,61,Produced,
64602,61,Produced,
64603,61,Produced,
64604,61,Produced,
64605,61,Produced,
64606,61,Produced,
64607,61,Produced,
64608,61,Produced,
64609,61,Produced,
64610,61,Produced,
64611,61,Produced,
64612,61,Produced,
64613,61,Produced,
64614,61,Produced,
64615,61,Produced,
64616,61,Produced,
64617,61,Produced,
64618,61,Produced,
64619,61,Produced,
64620,61,Produced,
64621,61,Produced,
64622,61,Produced,
64623,61,Produced,
64624,61,Produced,
64625,61,Produced,
64626,61,Produced,
64627,61,Produced,
64628,61,Produced,
64629,61,Produced,
64630,61,Produced,
64631,61,Produced,
64632,61,Produced,
64633,61,Produced,
64634,61,Produced,
64635,61,Produced,
64636,61,Produced,
64637,61,Produced,
64638,61,Produced,
64639,61,Produced,
64640,61,Produced,
64641,61,Produced,
64642,61,Produced,
64643,61,Produced,
64644,61,Produced,
64645,61,Produced,
64646,61,Produced,
64647,61,Produced,
64648,61,Produced,
64649,61,Produced,
64650,61,Produced,
64651,61,Produced,
64652,61,Produced,
64653,61,Produced,
64654,61,Produced,
64655,61,Produced,
64656,61,Produced,
64657,61,Produced,
64658,61,Produced,
64659,61,Produced,
64660,61,Produced,
64661,61,Produced,
64662,61,Produced,
64663,61,Produced,
64664,61,Produced,
64665,61,Produced,
64666,61,Produced,
64667,61,Produced,
64668,61,Produced,
64669,61,Produced,
64670,61,Produced,
64671,61,Produced,
64672,61,Produced,
64673,61,Produced,
64674,61,Produced,
64675,61,Produced,
64676,61,Produced,
64677,61,Produced,
64678,61,Produced,
64679,61,Produced,
64680,61,Produced,
64681,61,Produced,
64682,61,Produced,
64683,61,Produced,
64684,61,Produced,
64685,61,Produced,
64686,61,Produced,
64687,61,Produced,
64688,61,Produced,
64689,61,Produced,
64690,61,Produced,
64691,61,Produced,
64692,61,Produced,
64693,61,Produced,
64694,61,Produced,
64695,61,Produced,
64696,61,Produced,
64697,61,Produced,
64698,61,Produced,
64699,61,Produced,
64700,61,Produced,
64701,61,Produced,
64702,61,Produced,
64703,61,Produced,
64704,61,Produced,
64705,61,Produced,
64706,61,Produced,
64707,61,Produced,
64708,61,Produced,
64709,61,Produced,
64710,61,Produced,
64711,61,Produced,
64712,61,Produced,
64713,61,Produced,
64714,61,Produced,
64715,61,Produced,
64716,61,Produced,
64717,61,Produced,
64718,61,Produced,
64719,61,Produced,
64720,61,Produced,
64721,61,Produced,
64722,61,Produced,
64723,61,Produced,
64724,61,Produced,
64725,61,Produced,
64726,61,Produced,
64727,61,Produced,
64728,61,Produced,
64729,61,Produced,
64730,61,Produced,
64731,61,Produced,
64732,61,Produced,
64733,61,Produced,
64734,61,Produced,
64735,61,Produced,
64736,61,Produced,
64737,61,Produced,
64738,61,Produced,
64739,61,Produced,
64740,61,Produced,
64741,61,Produced,
64742,61,Produced,
64743,61,Produced,
64744,61,Produced,
64745,61,Produced,
64746,61,Produced,
64747,61,Produced,
64748,61,Produced,
64749,61,Produced,
64750,61,Produced,
64751,61,Produced,
64752,61,Produced,
64753,61,Produced,
64754,61,Produced,
64755,61,Produced,
64756,61,Produced,
64757,61,Produced,
64758,61,Produced,
64759,61,Produced,
64760,61,Produced,
64761,61,Produced,
64762,61,Produced,
64763,61,Produced,
64764,61,Produced,
64765,61,Produced,
64766,61,Produced,
64767,61,Produced,
64768,61,Produced,
64769,61,Produced,
64770,61,Produced,
64771,61,Produced,
64772,61,Produced,
64773,61,Produced,
64774,61,Produced,
64775,61,Produced,
64776,61,Produced,
64777,61,Produced,
64778,61,Produced,
64779,61,Produced,
64780,61,Produced,
64781,61,Produced,
64782,61,Produced,
64783,61,Produced,
64784,61,Produced,
64785,61,Produced,
64786,61,Produced,
64787,61,Produced,
64788,61,Produced,
64789,61,Produced,
64790,61,Produced,
64791,61,Produced,
64792,61,Produced,
64793,61,Produced,
64794,61,Produced,
64795,61,Produced,
64796,61,Produced,
64797,61,Produced,
64798,61,Produced,
64799,61,Produced,
64800,61,Produced,
64801,61,Produced,
64802,61,Produced,
64803,61,Produced,
64804,61,Produced,
64805,61,Produced,
64806,61,Produced,
64807,61,Produced,
64808,61,Produced,
64809,61,Produced,
64810,61,Produced,
64811,61,Produced,
64812,61,Produced,
64813,61,Produced,
64814,61,Produced,
64815,61,Produced,
64816,61,Produced,
64817,61,Produced,
64818,61,Produced,
64819,61,Produced,
64820,61,Produced,
64821,61,Produced,
64822,61,Produced,
64823,61,Produced,
64824,61,Produced,
64825,61,Produced,
64826,61,Produced,
64827,61,Produced,
64828,61,Produced,
64829,61,Produced,
64830,61,Produced,
64831,61,Produced,
64832,61,Produced,
64833,61,Produced,
64834,61,Produced,
64835,61,Produced,
64836,61,Produced,
64837,61,Produced,
64838,61,Produced,
64839,61,Produced,
64840,61,Produced,
64841,61,Produced,
64842,61,Produced,
64843,61,Produced,
64844,61,Produced,
64845,61,Produced,
64846,61,Produced,
64847,61,Produced,
64848,61,Produced,
64849,61,Produced,
64850,61,Produced,
64851,61,Produced,
64852,61,Produced,
64853,61,Produced,
64854,61,Produced,
64855,61,Produced,
64856,61,Produced,
64857,61,Produced,
64858,61,Produced,
64859,61,Produced,
64860,61,Produced,
64861,61,Produced,
64862,61,Produced,
64863,61,Produced,
64864,61,Produced,
64865,61,Produced,
64866,61,Produced,
64867,61,Produced,
64868,61,Produced,
64869,61,Produced,
64870,61,Produced,
64871,61,Produced,
64872,61,Produced,
64873,61,Produced,
64874,61,Produced,
64875,61,Produced,
64876,61,Produced,
64877,61,Produced,
64878,61,Produced,
64879,61,Produced,
64880,61,Produced,
64881,61,Produced,
64882,61,Produced,
64883,61,Produced,
64884,61,Produced,
64885,61,Produced,
64886,61,Produced,
64887,61,Produced,
64888,61,Produced,
64889,61,Produced,
64890,61,Produced,
64891,61,Produced,
64892,61,Produced,
64893,61,Produced,
64894,61,Produced,
64895,61,Produced,
64896,61,Produced,
64897,61,Produced,
64898,61,Produced,
64899,61,Produced,
64900,61,Produced,
64901,61,Produced,
64902,61,Produced,
64903,61,Produced,
64904,61,Produced,
64905,61,Produced,
64906,61,Produced,
64907,61,Produced,
64908,61,Produced,
64909,61,Produced,
64910,61,Produced,
64911,61,Produced,
64912,61,Produced,
64913,61,Produced,
64914,61,Produced,
64915,61,Produced,
64916,61,Produced,
64917,61,Produced,
64918,61,Produced,
64919,61,Produced,
64920,61,Produced,
64921,61,Produced,
64922,61,Produced,
64923,61,Produced,
64924,61,Produced,
64925,61,Produced,
64926,61,Produced,
64927,61,Produced,
64928,61,Produced,
64929,61,Produced,
64930,61,Produced,
64931,61,Produced,
64932,61,Produced,
64933,61,Produced,
64934,61,Produced,
64935,61,Produced,
64936,61,Produced,
64937,61,Produced,
64938,61,Produced,
64939,61,Produced,
64940,61,Produced,
64941,61,Produced,
64942,61,Produced,
64943,61,Produced,
64944,61,Produced,
64945,61,Produced,
64946,61,Produced,
64947,61,Produced,
64948,61,Produced,
64949,61,Produced,
64950,61,Produced,
64951,61,Produced,
64952,61,Produced,
64953,61,Produced,
64954,61,Produced,
64955,61,Produced,
64956,61,Produced,
64957,61,Produced,
64958,61,Produced,
64959,61,Produced,
64960,61,Produced,
64961,61,Produced,
64962,61,Produced,
64963,61,Produced,
64964,61,Produced,
64965,61,Produced,
64966,61,Produced,
64967,61,Produced,
64968,61,Produced,
64969,61,Produced,
64970,61,Produced,
64971,61,Produced,
64972,61,Produced,
64973,61,Produced,
64974,61,Produced,
64975,61,Produced,
64976,61,Produced,
64977,61,Produced,
64978,61,Produced,
64979,61,Produced,
64980,61,Produced,
64981,61,Produced,
64982,61,Produced,
64983,61,Produced,
64984,61,Produced,
64985,61,Produced,
64986,61,Produced,
64987,61,Produced,
64988,61,Produced,
64989,61,Produced,
64990,61,Produced,
64991,61,Produced,
64992,61,Produced,
64993,61,Produced,
64994,61,Produced,
64995,61,Produced,
64996,61,Produced,
64997,61,Produced,
64998,61,Produced,
64999,61,Produced,
65000,61,Produced,
65001,61,Produced,
65002,61,Produced,
65003,61,Produced,
65004,61,Produced,
65005,61,Produced,
65006,61,Produced,
65007,61,Produced,
65008,61,Produced,
65009,61,Produced,
65010,61,Produced,
65011,61,Produced,
65012,61,Produced,
65013,61,Produced,
65014,61,Produced,
65015,61,Produced,
65016,61,Produced,
65017,61,Produced,
65018,61,Produced,
65019,61,Produced,
65020,61,Produced,
65021,61,Produced,
65022,61,Produced,
65023,61,Produced,
65024,61,Produced,
65025,61,Produced,
65026,61,Produced,
65027,61,Produced,
65028,61,Produced,
65029,61,Produced,
65030,61,Produced,
65031,61,Produced,
65032,61,Produced,
65033,61,Produced,
65034,61,Produced,
65035,61,Produced,
65036,61,Produced,
65037,61,Produced,
65038,61,Produced,
65039,61,Produced,
65040,61,Produced,
65041,61,Produced,
65042,61,Produced,
65043,61,Produced,
65044,61,Produced,
65045,61,Produced,
65046,61,Produced,
65047,61,Produced,
65048,61,Produced,
65049,61,Produced,
65050,61,Produced,
65051,61,Produced,
65052,61,Produced,
65053,61,Produced,
65054,61,Produced,
65055,61,Produced,
65056,61,Produced,
65057,61,Produced,
65058,61,Produced,
65059,61,Produced,
65060,61,Produced,
65061,61,Produced,
65062,61,Produced,
65063,61,Produced,
65064,61,Produced,
65065,61,Produced,
65066,61,Produced,
65067,61,Produced,
65068,61,Produced,
65069,61,Produced,
65070,61,Produced,
65071,61,Produced,
65072,61,Produced,
65073,61,Produced,
65074,61,Produced,
65075,61,Produced,
65076,61,Produced,
65077,61,Produced,
65078,61,Produced,
65079,61,Produced,
65080,61,Produced,
65081,61,Produced,
65082,61,Produced,
65083,61,Produced,
65084,61,Produced,
65085,61,Produced,
65086,61,Produced,
65087,61,Produced,
65088,61,Produced,
65089,61,Produced,
65090,61,Produced,
65091,61,Produced,
65092,61,Produced,
65093,61,Produced,
65094,61,Produced,
65095,61,Produced,
65096,61,Produced,
65097,61,Produced,
65098,61,Produced,
65099,61,Produced,
65100,61,Produced,
65101,61,Produced,
65102,61,Produced,
65103,61,Produced,
65104,61,Produced,
65105,61,Produced,
65106,61,Produced,
65107,61,Produced,
65108,61,Produced,
65109,61,Produced,
65110,61,Produced,
65111,61,Produced,
65112,61,Produced,
65113,61,Produced,
65114,61,Produced,
65115,61,Produced,
65116,61,Produced,
65117,61,Produced,
65118,61,Produced,
65119,61,Produced,
65120,61,Produced,
65121,61,Produced,
65122,61,Produced,
65123,61,Produced,
65124,61,Produced,
65125,61,Produced,
65126,61,Produced,
65127,61,Produced,
65128,61,Produced,
65129,61,Produced,
65130,61,Produced,
65131,61,Produced,
65132,61,Produced,
65133,61,Produced,
65134,61,Produced,
65135,61,Produced,
65136,61,Produced,
65137,61,Produced,
65138,61,Produced,
65139,61,Produced,
65140,61,Produced,
65141,61,Produced,
65142,61,Produced,
65143,61,Produced,
65144,61,Produced,
65145,61,Produced,
65146,61,Produced,
65147,61,Produced,
65148,61,Produced,
65149,61,Produced,
65150,61,Produced,
65151,61,Produced,
65152,61,Produced,
65153,61,Produced,
65154,61,Produced,
65155,61,Produced,
65156,61,Produced,
65157,61,Produced,
65158,61,Produced,
65159,61,Produced,
65160,61,Produced,
65161,61,Produced,
65162,61,Produced,
65163,61,Produced,
65164,61,Produced,
65165,61,Produced,
65166,61,Produced,
65167,61,Produced,
65168,61,Produced,
65169,61,Produced,
65170,61,Produced,
65171,61,Produced,
65172,61,Produced,
65173,61,Produced,
65174,61,Produced,
65175,61,Produced,
65176,61,Produced,
65177,61,Produced,
65178,61,Produced,
65179,61,Produced,
65180,61,Produced,
65181,61,Produced,
65182,61,Produced,
65183,61,Produced,
65184,61,Produced,
65185,61,Produced,
65186,61,Produced,
65187,61,Produced,
65188,61,Produced,
65189,61,Produced,
65190,61,Produced,
65191,61,Produced,
65192,61,Produced,
65193,61,Produced,
65194,61,Produced,
65195,61,Produced,
65196,61,Produced,
65197,61,Produced,
65198,61,Produced,
65199,61,Produced,
65200,61,Produced,
65201,61,Produced,
65202,61,Produced,
65203,61,Produced,
65204,61,Produced,
65205,61,Produced,
65206,61,Produced,
65207,61,Produced,
65208,61,Produced,
65209,61,Produced,
65210,61,Produced,
65211,61,Produced,
65212,61,Produced,
65213,61,Produced,
65214,61,Produced,
65215,61,Produced,
65216,61,Produced,
65217,61,Produced,
65218,61,Produced,
65219,61,Produced,
65220,61,Produced,
65221,61,Produced,
65222,61,Produced,
65223,61,Produced,
65224,61,Produced,
65225,61,Produced,
65226,61,Produced,
65227,61,Produced,
65228,61,Produced,
65229,61,Produced,
65230,61,Produced,
65231,61,Produced,
65232,61,Produced,
65233,61,Produced,
65234,61,Produced,
65235,61,Produced,
65236,61,Produced,
65237,61,Produced,
65238,61,Produced,
65239,61,Produced,
65240,61,Produced,
65241,61,Produced,
65242,61,Produced,
65243,61,Produced,
65244,61,Produced,
65245,61,Produced,
65246,61,Produced,
65247,61,Produced,
65248,61,Produced,
65249,61,Produced,
65250,61,Produced,
65251,61,Produced,
65252,61,Produced,
65253,61,Produced,
65254,61,Produced,
65255,61,Produced,
65256,61,Produced,
65257,61,Produced,
65258,61,Produced,
65259,61,Produced,
65260,61,Produced,
65261,61,Produced,
65262,61,Produced,
65263,61,Produced,
65264,61,Produced,
65265,61,Produced,
65266,61,Produced,
65267,61,Produced,
65268,61,Produced,
65269,61,Produced,
65270,61,Produced,
65271,61,Produced,
65272,61,Produced,
65273,61,Produced,
65274,61,Produced,
65275,61,Produced,
65276,61,Produced,
65277,61,Produced,
65278,61,Produced,
65279,61,Produced,
65280,61,Produced,
65281,61,Produced,
65282,61,Produced,
65283,61,Produced,
65284,61,Produced,
65285,61,Produced,
65286,61,Produced,
65287,61,Produced,
65288,61,Produced,
65289,61,Produced,
65290,61,Produced,
65291,61,Produced,
65292,61,Produced,
65293,61,Produced,
65294,61,Produced,
65295,61,Produced,
65296,61,Produced,
65297,61,Produced,
65298,61,Produced,
65299,61,Produced,
65300,61,Produced,
65301,61,Produced,
65302,61,Produced,
65303,61,Produced,
65304,61,Produced,
65305,61,Produced,
65306,61,Produced,
65307,61,Produced,
65308,61,Produced,
65309,61,Produced,
65310,61,Produced,
65311,61,Produced,
65312,61,Produced,
65313,61,Produced,
65314,61,Produced,
65315,61,Produced,
65316,61,Produced,
65317,61,Produced,
65318,61,Produced,
65319,61,Produced,
65320,61,Produced,
65321,61,Produced,
65322,61,Produced,
65323,61,Produced,
65324,61,Produced,
65325,61,Produced,
65326,61,Produced,
65327,61,Produced,
65328,61,Produced,
65329,61,Produced,
65330,61,Produced,
65331,61,Produced,
65332,61,Produced,
65333,61,Produced,
65334,61,Produced,
65335,61,Produced,
65336,61,Produced,
65337,61,Produced,
65338,61,Produced,
65339,61,Produced,
65340,61,Produced,
65341,61,Produced,
65342,61,Produced,
65343,61,Produced,
65344,61,Produced,
65345,61,Produced,
65346,61,Produced,
65347,61,Produced,
65348,61,Produced,
65349,61,Produced,
65350,61,Produced,
65351,61,Produced,
65352,61,Produced,
65353,61,Produced,
65354,61,Produced,
65355,61,Produced,
65356,61,Produced,
65357,61,Produced,
65358,61,Produced,
65359,61,Produced,
65360,61,Produced,
65361,61,Produced,
65362,61,Produced,
65363,61,Produced,
65364,61,Produced,
65365,61,Produced,
65366,61,Produced,
65367,61,Produced,
65368,61,Produced,
65369,61,Produced,
65370,61,Produced,
65371,61,Produced,
65372,61,Produced,
65373,61,Produced,
65374,61,Produced,
65375,61,Produced,
65376,61,Produced,
65377,61,Produced,
65378,61,Produced,
65379,61,Produced,
65380,61,Produced,
65381,61,Produced,
65382,61,Produced,
65383,61,Produced,
65384,61,Produced,
65385,61,Produced,
65386,61,Produced,
65387,61,Produced,
65388,61,Produced,
65389,61,Produced,
65390,61,Produced,
65391,61,Produced,
65392,61,Produced,
65393,61,Produced,
65394,61,Produced,
65395,61,Produced,
65396,61,Produced,
65397,61,Produced,
65398,61,Produced,
65399,61,Produced,
65400,61,Produced,
65401,61,Produced,
65402,61,Produced,
65403,61,Produced,
65404,61,Produced,
65405,61,Produced,
65406,61,Produced,
65407,61,Produced,
65408,61,Produced,
65409,61,Produced,
65410,61,Produced,
65411,61,Produced,
65412,61,Produced,
65413,61,Produced,
65414,61,Produced,
65415,61,Produced,
65416,61,Produced,
65417,61,Produced,
65418,61,Produced,
65419,61,Produced,
65420,61,Produced,
65421,61,Produced,
65422,61,Produced,
65423,61,Produced,
65424,61,Produced,
65425,61,Produced,
65426,61,Produced,
65427,61,Produced,
65428,61,Produced,
65429,61,Produced,
65430,61,Produced,
65431,61,Produced,
65432,61,Produced,
65433,61,Produced,
65434,61,Produced,
65435,61,Produced,
65436,61,Produced,
65437,61,Produced,
65438,61,Produced,
65439,61,Produced,
65440,61,Produced,
65441,61,Produced,
65442,61,Produced,
65443,61,Produced,
65444,61,Produced,
65445,61,Produced,
65446,61,Produced,
65447,61,Produced,
65448,61,Produced,
65449,61,Produced,
65450,61,Produced,
65451,61,Produced,
65452,61,Produced,
65453,61,Produced,
65454,61,Produced,
65455,61,Produced,
65456,61,Produced,
65457,61,Produced,
65458,61,Produced,
65459,61,Produced,
65460,61,Produced,
65461,61,Produced,
65462,61,Produced,
65463,61,Produced,
65464,61,Produced,
65465,61,Produced,
65466,61,Produced,
65467,61,Produced,
65468,61,Produced,
65469,61,Produced,
65470,61,Produced,
65471,61,Produced,
65472,61,Produced,
65473,61,Produced,
65474,61,Produced,
65475,61,Produced,
65476,61,Produced,
65477,61,Produced,
65478,61,Produced,
65479,61,Produced,
65480,61,Produced,
65481,61,Produced,
65482,61,Produced,
65483,61,Produced,
65484,61,Produced,
65485,61,Produced,
65486,61,Produced,
65487,61,Produced,
65488,61,Produced,
65489,61,Produced,
65490,61,Produced,
65491,61,Produced,
65492,61,Produced,
65493,61,Produced,
65494,61,Produced,
65495,61,Produced,
65496,61,Produced,
65497,61,Produced,
65498,61,Produced,
65499,61,Produced,
65500,61,Produced,
65501,61,Produced,
65502,61,Produced,
65503,61,Produced,
65504,61,Produced,
65505,61,Produced,
65506,61,Produced,
65507,61,Produced,
65508,61,Produced,
65509,61,Produced,
65510,61,Produced,
65511,61,Produced,
65512,61,Produced,
65513,61,Produced,
65514,61,Produced,
65515,61,Produced,
65516,61,Produced,
65517,61,Produced,
65518,61,Produced,
65519,61,Produced,
65520,61,Produced,
65521,61,Produced,
65522,61,Produced,
65523,61,Produced,
65524,61,Produced,
65525,61,Produced,
65526,61,Produced,
65527,61,Produced,
65528,61,Produced,
65529,61,Produced,
65530,61,Produced,
65531,61,Produced,
65532,61,Produced,
65533,61,Produced,
65534,61,Produced,
65535,61,Produced,
65536,61,Produced,
65537,61,Produced,
65538,61,Produced,
65539,61,Produced,
65540,61,Produced,
65541,61,Produced,
65542,61,Produced,
65543,61,Produced,
65544,61,Produced,
65545,61,Produced,
65546,61,Produced,
65547,61,Produced,
65548,61,Produced,
65549,61,Produced,
65550,61,Produced,
65551,61,Produced,
65552,61,Produced,
65553,61,Produced,
65554,61,Produced,
65555,61,Produced,
65556,61,Produced,
65557,61,Produced,
65558,61,Produced,
65559,61,Produced,
65560,61,Produced,
65561,61,Produced,
65562,61,Produced,
65563,61,Produced,
65564,61,Produced,
65565,61,Produced,
65566,61,Produced,
65567,61,Produced,
65568,61,Produced,
65569,61,Produced,
65570,61,Produced,
65571,61,Produced,
65572,61,Produced,
65573,61,Produced,
65574,61,Produced,
65575,61,Produced,
65576,61,Produced,
65577,61,Produced,
65578,61,Produced,
65579,61,Produced,
65580,61,Produced,
65581,61,Produced,
65582,61,Produced,
65583,61,Produced,
65584,61,Produced,
65585,61,Produced,
65586,61,Produced,
65587,61,Produced,
65588,61,Produced,
65589,61,Produced,
65590,61,Produced,
65591,61,Produced,
65592,61,Produced,
65593,61,Produced,
65594,61,Produced,
65595,61,Produced,
65596,61,Produced,
65597,61,Produced,
65598,61,Produced,
65599,61,Produced,
65600,61,Produced,
65601,61,Produced,
65602,61,Produced,
65603,61,Produced,
65604,61,Produced,
65605,61,Produced,
65606,61,Produced,
65607,61,Produced,
65608,61,Produced,
65609,61,Produced,
65610,61,Produced,
65611,61,Produced,
65612,61,Produced,
65613,61,Produced,
65614,61,Produced,
65615,61,Produced,
65616,61,Produced,
65617,61,Produced,
65618,61,Produced,
65619,61,Produced,
65620,61,Produced,
65621,61,Produced,
65622,61,Produced,
65623,61,Produced,
65624,61,Produced,
65625,61,Produced,
65626,61,Produced,
65627,61,Produced,
65628,61,Produced,
65629,61,Produced,
65630,61,Produced,
65631,61,Produced,
65632,61,Produced,
65633,61,Produced,
65634,61,Produced,
65635,61,Produced,
65636,61,Produced,
65637,61,Produced,
65638,61,Produced,
65639,61,Produced,
65640,61,Produced,
65641,61,Produced,
65642,61,Produced,
65643,61,Produced,
65644,61,Produced,
65645,61,Produced,
65646,61,Produced,
65647,61,Produced,
65648,61,Produced,
65649,61,Produced,
65650,61,Produced,
65651,61,Produced,
65652,61,Produced,
65653,61,Produced,
65654,61,Produced,
65655,61,Produced,
65656,61,Produced,
65657,61,Produced,
65658,61,Produced,
65659,61,Produced,
65660,61,Produced,
65661,61,Produced,
65662,61,Produced,
65663,61,Produced,
65664,61,Produced,
65665,61,Produced,
65666,61,Produced,
65667,61,Produced,
65668,61,Produced,
65669,61,Produced,
65670,61,Produced,
65671,61,Produced,
65672,61,Produced,
65673,61,Produced,
65674,61,Produced,
65675,61,Produced,
65676,61,Produced,
65677,61,Produced,
65678,61,Produced,
65679,61,Produced,
65680,61,Produced,
65681,61,Produced,
65682,61,Produced,
65683,61,Produced,
65684,61,Produced,
65685,61,Produced,
65686,61,Produced,
65687,61,Produced,
65688,61,Produced,
65689,61,Produced,
65690,61,Produced,
65691,61,Produced,
65692,61,Produced,
65693,61,Produced,
65694,61,Produced,
65695,61,Produced,
65696,61,Produced,
65697,61,Produced,
65698,61,Produced,
65699,61,Produced,
65700,61,Produced,
65701,61,Produced,
65702,61,Produced,
65703,61,Produced,
65704,61,Produced,
65705,61,Produced,
65706,61,Produced,
65707,61,Produced,
65708,61,Produced,
65709,61,Produced,
65710,61,Produced,
65711,61,Produced,
65712,61,Produced,
65713,61,Produced,
65714,61,Produced,
65715,61,Produced,
65716,61,Produced,
65717,61,Produced,
65718,61,Produced,
65719,61,Produced,
65720,61,Produced,
65721,61,Produced,
65722,61,Produced,
65723,61,Produced,
65724,61,Produced,
65725,61,Produced,
65726,61,Produced,
65727,61,Produced,
65728,61,Produced,
65729,61,Produced,
65730,61,Produced,
65731,61,Produced,
65732,61,Produced,
65733,61,Produced,
65734,61,Produced,
65735,61,Produced,
65736,61,Produced,
65737,61,Produced,
65738,61,Produced,
65739,61,Produced,
65740,61,Produced,
65741,61,Produced,
65742,61,Produced,
65743,61,Produced,
65744,61,Produced,
65745,61,Produced,
65746,61,Produced,
65747,61,Produced,
65748,61,Produced,
65749,61,Produced,
65750,61,Produced,
65751,61,Produced,
65752,61,Produced,
65753,61,Produced,
65754,61,Produced,
65755,61,Produced,
65756,61,Produced,
65757,61,Produced,
65758,61,Produced,
65759,61,Produced,
65760,61,Produced,
65761,61,Produced,
65762,61,Produced,
65763,61,Produced,
65764,61,Produced,
65765,61,Produced,
65766,61,Produced,
65767,61,Produced,
65768,61,Produced,
65769,61,Produced,
65770,61,Produced,
65771,61,Produced,
65772,61,Produced,
65773,61,Produced,
65774,61,Produced,
65775,61,Produced,
65776,61,Produced,
65777,61,Produced,
65778,61,Produced,
65779,61,Produced,
65780,61,Produced,
65781,61,Produced,
65782,61,Produced,
65783,61,Produced,
65784,61,Produced,
65785,61,Produced,
65786,61,Produced,
65787,61,Produced,
65788,61,Produced,
65789,61,Produced,
65790,61,Produced,
65791,61,Produced,
65792,61,Produced,
65793,61,Produced,
65794,61,Produced,
65795,61,Produced,
65796,61,Produced,
65797,61,Produced,
65798,61,Produced,
65799,61,Produced,
65800,61,Produced,
65801,61,Produced,
65802,61,Produced,
65803,61,Produced,
65804,61,Produced,
65805,61,Produced,
65806,61,Produced,
65807,61,Produced,
65808,61,Produced,
65809,61,Produced,
65810,61,Produced,
65811,61,Produced,
65812,61,Produced,
65813,61,Produced,
65814,61,Produced,
65815,61,Produced,
65816,61,Produced,
65817,61,Produced,
65818,61,Produced,
65819,61,Produced,
65820,61,Produced,
65821,61,Produced,
65822,61,Produced,
65823,61,Produced,
65824,61,Produced,
65825,61,Produced,
65826,61,Produced,
65827,61,Produced,
65828,61,Produced,
65829,61,Produced,
65830,61,Produced,
65831,61,Produced,
65832,61,Produced,
65833,61,Produced,
65834,61,Produced,
65835,61,Produced,
65836,61,Produced,
65837,61,Produced,
65838,61,Produced,
65839,61,Produced,
65840,61,Produced,
65841,61,Produced,
65842,61,Produced,
65843,61,Produced,
65844,61,Produced,
65845,61,Produced,
65846,61,Produced,
65847,61,Produced,
65848,61,Produced,
65849,61,Produced,
65850,61,Produced,
65851,61,Produced,
65852,61,Produced,
65853,61,Produced,
65854,61,Produced,
65855,61,Produced,
65856,61,Produced,
65857,61,Produced,
65858,61,Produced,
65859,61,Produced,
65860,61,Produced,
65861,61,Produced,
65862,61,Produced,
65863,61,Produced,
65864,61,Produced,
65865,61,Produced,
65866,61,Produced,
65867,61,Produced,
65868,61,Produced,
65869,61,Produced,
65870,61,Produced,
65871,61,Produced,
65872,61,Produced,
65873,61,Produced,
65874,61,Produced,
65875,61,Produced,
65876,61,Produced,
65877,61,Produced,
65878,61,Produced,
65879,61,Produced,
65880,61,Produced,
65881,61,Produced,
65882,61,Produced,
65883,61,Produced,
65884,61,Produced,
65885,61,Produced,
65886,61,Produced,
65887,61,Produced,
65888,61,Produced,
65889,61,Produced,
65890,61,Produced,
65891,61,Produced,
65892,61,Produced,
65893,61,Produced,
65894,61,Produced,
65895,61,Produced,
65896,61,Produced,
65897,61,Produced,
65898,61,Produced,
65899,61,Produced,
65900,61,Produced,
65901,61,Produced,
65902,61,Produced,
65903,61,Produced,
65904,61,Produced,
65905,61,Produced,
65906,61,Produced,
65907,61,Produced,
65908,61,Produced,
65909,61,Produced,
65910,61,Produced,
65911,61,Produced,
65912,61,Produced,
65913,61,Produced,
65914,61,Produced,
65915,61,Produced,
65916,61,Produced,
65917,61,Produced,
65918,61,Produced,
65919,61,Produced,
65920,61,Produced,
65921,61,Produced,
65922,61,Produced,
65923,61,Produced,
65924,61,Produced,
65925,61,Produced,
65926,61,Produced,
65927,61,Produced,
65928,61,Produced,
65929,61,Produced,
65930,61,Produced,
65931,61,Produced,
65932,61,Produced,
65933,61,Produced,
65934,61,Produced,
65935,61,Produced,
65936,61,Produced,
65937,61,Produced,
65938,61,Produced,
65939,61,Produced,
65940,61,Produced,
65941,61,Produced,
65942,61,Produced,
65943,61,Produced,
65944,61,Produced,
65945,61,Produced,
65946,61,Produced,
65947,61,Produced,
65948,61,Produced,
65949,61,Produced,
65950,61,Produced,
65951,61,Produced,
65952,61,Produced,
65953,61,Produced,
65954,61,Produced,
65955,61,Produced,
65956,61,Produced,
65957,61,Produced,
65958,61,Produced,
65959,61,Produced,
65960,61,Produced,
65961,61,Produced,
65962,61,Produced,
65963,61,Produced,
65964,61,Produced,
65965,61,Produced,
65966,61,Produced,
65967,61,Produced,
65968,61,Produced,
65969,61,Produced,
65970,61,Produced,
65971,61,Produced,
65972,61,Produced,
65973,61,Produced,
65974,61,Produced,
65975,61,Produced,
65976,61,Produced,
65977,61,Produced,
65978,61,Produced,
65979,61,Produced,
65980,61,Produced,
65981,61,Produced,
65982,61,Produced,
65983,61,Produced,
65984,61,Produced,
65985,61,Produced,
65986,61,Produced,
65987,61,Produced,
65988,61,Produced,
65989,61,Produced,
65990,61,Produced,
65991,61,Produced,
65992,61,Produced,
65993,61,Produced,
65994,61,Produced,
65995,61,Produced,
65996,61,Produced,
65997,61,Produced,
65998,61,Produced,
65999,61,Produced,
66000,61,Produced,
