from_node,to_node,start_period,product_records,product_schedule_units,group_schedule_units,capacity_units,status
engine-supplier_prod,engine-supplier_inv,61,29,2000,2000,2100,Totals match and fit capacity
engine-supplier_prod,engine-supplier_inv,62,28,2000,2000,2100,Totals match and fit capacity
engine-supplier_prod,engine-supplier_inv,63,29,2000,2000,2100,Totals match and fit capacity
engine-supplier_prod,engine-supplier_inv,64,25,2000,2000,2100,Totals match and fit capacity
engine-supplier_prod,engine-supplier_inv,65,29,2000,2000,2100,Totals match and fit capacity
engine-supplier_prod,engine-supplier_inv,66,29,2000,2000,2100,Totals match and fit capacity
engine-supplier_prod,engine-supplier_inv,67,29,2000,2000,2100,Totals match and fit capacity
engine-supplier_prod,engine-supplier_inv,68,29,2000,2000,2100,Totals match and fit capacity
engine-supplier_prod,engine-supplier_inv,69,29,2000,2000,2100,Totals match and fit capacity
engine-supplier_prod,engine-supplier_inv,70,29,2000,2000,2100,Totals match and fit capacity
engine-supplier_prod,engine-supplier_inv,71,0,,,2100,Schedule missing - policy needed
engine-supplier_prod,engine-supplier_inv,72,0,,,2100,Schedule missing - policy needed
engine-supplier_prod,engine-supplier_inv,73,0,,,2100,Schedule missing - policy needed
engine-supplier_prod,engine-supplier_inv,74,0,,,2100,Schedule missing - policy needed
gear-supplier_prod,gear-supplier_inv,61,8,2000,2000,2100,Totals match and fit capacity
gear-supplier_prod,gear-supplier_inv,62,8,2000,2000,2100,Totals match and fit capacity
gear-supplier_prod,gear-supplier_inv,63,8,2000,2000,2100,Totals match and fit capacity
gear-supplier_prod,gear-supplier_inv,64,8,2000,2000,2100,Totals match and fit capacity
gear-supplier_prod,gear-supplier_inv,65,8,2000,2000,2100,Totals match and fit capacity
gear-supplier_prod,gear-supplier_inv,66,8,2000,2000,2100,Totals match and fit capacity
gear-supplier_prod,gear-supplier_inv,67,8,2000,2000,2100,Totals match and fit capacity
gear-supplier_prod,gear-supplier_inv,68,8,2000,2000,2100,Totals match and fit capacity
gear-supplier_prod,gear-supplier_inv,69,8,2000,2000,2100,Totals match and fit capacity
gear-supplier_prod,gear-supplier_inv,70,8,2000,2000,2100,Totals match and fit capacity
gear-supplier_prod,gear-supplier_inv,71,0,,,2100,Schedule missing - policy needed
gear-supplier_prod,gear-supplier_inv,72,0,,,2100,Schedule missing - policy needed
gear-supplier_prod,gear-supplier_inv,73,0,,,2100,Schedule missing - policy needed
gear-supplier_prod,gear-supplier_inv,74,0,,,2100,Schedule missing - policy needed
