event_type,from_node,to_node,product_id,start_period,arrival_period,quantity,horizon_status
Existing flow,battery-supplier_prod,battery-supplier_inv,BEV,60,61,159,Within horizon
Existing flow,engine-supplier_prod,engine-supplier_inv,D02,60,61,30,Within horizon
Existing flow,engine-supplier_prod,engine-supplier_inv,D2I,60,61,49,Within horizon
Existing flow,engine-supplier_prod,engine-supplier_inv,D33,60,61,112,Within horizon
Existing flow,engine-supplier_prod,engine-supplier_inv,D36,60,61,2,Within horizon
Existing flow,engine-supplier_prod,engine-supplier_inv,D60,60,61,12,Within horizon
Existing flow,engine-supplier_prod,engine-supplier_inv,D64,60,61,135,Within horizon
Existing flow,engine-supplier_prod,engine-supplier_inv,D80,60,61,80,Within horizon
Existing flow,engine-supplier_prod,engine-supplier_inv,D83,60,61,384,Within horizon
Existing flow,engine-supplier_prod,engine-supplier_inv,DB0,60,61,10,Within horizon
Existing flow,engine-supplier_prod,engine-supplier_inv,DB8,60,61,11,Within horizon
Existing flow,engine-supplier_prod,engine-supplier_inv,DE2,60,61,3,Within horizon
Existing flow,engine-supplier_prod,engine-supplier_inv,DE4,60,61,41,Within horizon
Existing flow,engine-supplier_prod,engine-supplier_inv,DE5,60,61,50,Within horizon
Existing flow,engine-supplier_prod,engine-supplier_inv,DF4,60,61,3,Within horizon
Existing flow,engine-supplier_prod,engine-supplier_inv,DF6,60,61,2,Within horizon
Existing flow,engine-supplier_prod,engine-supplier_inv,DG6,60,61,233,Within horizon
Existing flow,engine-supplier_prod,engine-supplier_inv,DG8,60,61,117,Within horizon
Existing flow,engine-supplier_prod,engine-supplier_inv,DK7,60,61,79,Within horizon
Existing flow,engine-supplier_prod,engine-supplier_inv,DK8,60,61,183,Within horizon
Existing flow,engine-supplier_prod,engine-supplier_inv,DK9,60,61,11,Within horizon
Existing flow,engine-supplier_prod,engine-supplier_inv,DM4,60,61,9,Within horizon
Existing flow,engine-supplier_prod,engine-supplier_inv,DN1,60,61,2,Within horizon
Existing flow,engine-supplier_prod,engine-supplier_inv,DN4,60,61,223,Within horizon
Existing flow,engine-supplier_prod,engine-supplier_inv,DN6,60,61,10,Within horizon
Existing flow,engine-supplier_prod,engine-supplier_inv,DP2,60,61,29,Within horizon
Existing flow,engine-supplier_prod,engine-supplier_inv,DQ4,60,61,24,Within horizon
Existing flow,engine-supplier_prod,engine-supplier_inv,DQ9,60,61,88,Within horizon
Existing flow,engine-supplier_prod,engine-supplier_inv,DR8,60,61,18,Within horizon
Existing flow,engine-supplier_prod,engine-supplier_inv,DS9,60,61,50,Within horizon
Existing flow,gear-supplier_prod,gear-supplier_inv,G0C,59,61,82,Within horizon
Existing flow,gear-supplier_prod,gear-supplier_inv,G0K,59,61,688,Within horizon
Existing flow,gear-supplier_prod,gear-supplier_inv,G0L,59,61,51,Within horizon
Existing flow,gear-supplier_prod,gear-supplier_inv,G0R,59,61,26,Within horizon
Existing flow,gear-supplier_prod,gear-supplier_inv,G1A,59,61,259,Within horizon
Existing flow,gear-supplier_prod,gear-supplier_inv,G1C,59,61,515,Within horizon
Existing flow,gear-supplier_prod,gear-supplier_inv,G1D,59,61,315,Within horizon
Existing flow,gear-supplier_prod,gear-supplier_inv,G1Z,59,61,64,Within horizon
Existing flow,battery-supplier_inv,zp7,BEV,60,61,200,Within horizon
Existing flow,engine-supplier_inv,zp7,D02,60,61,44,Within horizon
Existing flow,engine-supplier_inv,zp7,D2I,60,61,37,Within horizon
Existing flow,engine-supplier_inv,zp7,D33,60,61,150,Within horizon
Existing flow,engine-supplier_inv,zp7,D36,60,61,3,Within horizon
Existing flow,engine-supplier_inv,zp7,D60,60,61,20,Within horizon
Existing flow,engine-supplier_inv,zp7,D64,60,61,93,Within horizon
Existing flow,engine-supplier_inv,zp7,D80,60,61,64,Within horizon
Existing flow,engine-supplier_inv,zp7,D83,60,61,159,Within horizon
Existing flow,engine-supplier_inv,zp7,DB0,60,61,6,Within horizon
Existing flow,engine-supplier_inv,zp7,DB8,60,61,15,Within horizon
Existing flow,engine-supplier_inv,zp7,DE2,60,61,6,Within horizon
Existing flow,engine-supplier_inv,zp7,DE4,60,61,32,Within horizon
Existing flow,engine-supplier_inv,zp7,DE5,60,61,61,Within horizon
Existing flow,engine-supplier_inv,zp7,DF4,60,61,4,Within horizon
Existing flow,engine-supplier_inv,zp7,DF6,60,61,5,Within horizon
Existing flow,engine-supplier_inv,zp7,DG6,60,61,279,Within horizon
Existing flow,engine-supplier_inv,zp7,DG8,60,61,167,Within horizon
Existing flow,engine-supplier_inv,zp7,DK7,60,61,49,Within horizon
Existing flow,engine-supplier_inv,zp7,DK8,60,61,202,Within horizon
Existing flow,engine-supplier_inv,zp7,DK9,60,61,7,Within horizon
Existing flow,engine-supplier_inv,zp7,DM4,60,61,14,Within horizon
Existing flow,engine-supplier_inv,zp7,DN1,60,61,11,Within horizon
Existing flow,engine-supplier_inv,zp7,DN4,60,61,287,Within horizon
Existing flow,engine-supplier_inv,zp7,DN6,60,61,15,Within horizon
Existing flow,engine-supplier_inv,zp7,DP2,60,61,46,Within horizon
Existing flow,engine-supplier_inv,zp7,DQ4,60,61,33,Within horizon
Existing flow,engine-supplier_inv,zp7,DQ9,60,61,99,Within horizon
Existing flow,engine-supplier_inv,zp7,DR8,60,61,22,Within horizon
Existing flow,engine-supplier_inv,zp7,DS9,60,61,70,Within horizon
Existing flow,gear-supplier_inv,zp7,G0C,59,61,85,Within horizon
Existing flow,gear-supplier_inv,zp7,G0K,59,61,573,Within horizon
Existing flow,gear-supplier_inv,zp7,G0L,59,61,39,Within horizon
Existing flow,gear-supplier_inv,zp7,G0R,59,61,18,Within horizon
Existing flow,gear-supplier_inv,zp7,G1A,59,61,245,Within horizon
Existing flow,gear-supplier_inv,zp7,G1C,59,61,452,Within horizon
Existing flow,gear-supplier_inv,zp7,G1D,59,61,295,Within horizon
Existing flow,gear-supplier_inv,zp7,G1Z,59,61,293,Within horizon
Planned production - conditional,engine-supplier_prod,engine-supplier_inv,D02,61,62,43,Within horizon
Planned production - conditional,engine-supplier_prod,engine-supplier_inv,D2I,61,62,32,Within horizon
Planned production - conditional,engine-supplier_prod,engine-supplier_inv,D33,61,62,168,Within horizon
Planned production - conditional,engine-supplier_prod,engine-supplier_inv,D36,61,62,3,Within horizon
Planned production - conditional,engine-supplier_prod,engine-supplier_inv,D60,61,62,25,Within horizon
Planned production - conditional,engine-supplier_prod,engine-supplier_inv,D64,61,62,94,Within horizon
Planned production - conditional,engine-supplier_prod,engine-supplier_inv,D80,61,62,65,Within horizon
Planned production - conditional,engine-supplier_prod,engine-supplier_inv,D83,61,62,52,Within horizon
Planned production - conditional,engine-supplier_prod,engine-supplier_inv,DB0,61,62,11,Within horizon
Planned production - conditional,engine-supplier_prod,engine-supplier_inv,DB8,61,62,11,Within horizon
Planned production - conditional,engine-supplier_prod,engine-supplier_inv,DE2,61,62,4,Within horizon
Planned production - conditional,engine-supplier_prod,engine-supplier_inv,DE4,61,62,16,Within horizon
Planned production - conditional,engine-supplier_prod,engine-supplier_inv,DE5,61,62,66,Within horizon
Planned production - conditional,engine-supplier_prod,engine-supplier_inv,DF4,61,62,7,Within horizon
Planned production - conditional,engine-supplier_prod,engine-supplier_inv,DF6,61,62,5,Within horizon
Planned production - conditional,engine-supplier_prod,engine-supplier_inv,DG6,61,62,299,Within horizon
Planned production - conditional,engine-supplier_prod,engine-supplier_inv,DG8,61,62,161,Within horizon
Planned production - conditional,engine-supplier_prod,engine-supplier_inv,DK7,61,62,38,Within horizon
Planned production - conditional,engine-supplier_prod,engine-supplier_inv,DK8,61,62,260,Within horizon
Planned production - conditional,engine-supplier_prod,engine-supplier_inv,DK9,61,62,12,Within horizon
Planned production - conditional,engine-supplier_prod,engine-supplier_inv,DM4,61,62,15,Within horizon
Planned production - conditional,engine-supplier_prod,engine-supplier_inv,DN1,61,62,5,Within horizon
Planned production - conditional,engine-supplier_prod,engine-supplier_inv,DN4,61,62,278,Within horizon
Planned production - conditional,engine-supplier_prod,engine-supplier_inv,DN6,61,62,12,Within horizon
Planned production - conditional,engine-supplier_prod,engine-supplier_inv,DP2,61,62,42,Within horizon
Planned production - conditional,engine-supplier_prod,engine-supplier_inv,DQ4,61,62,39,Within horizon
Planned production - conditional,engine-supplier_prod,engine-supplier_inv,DQ9,61,62,118,Within horizon
Planned production - conditional,engine-supplier_prod,engine-supplier_inv,DR8,61,62,29,Within horizon
Planned production - conditional,engine-supplier_prod,engine-supplier_inv,DS9,61,62,90,Within horizon
Existing flow,gear-supplier_prod,gear-supplier_inv,G0C,60,62,94,Within horizon
Existing flow,gear-supplier_prod,gear-supplier_inv,G0K,60,62,540,Within horizon
Existing flow,gear-supplier_prod,gear-supplier_inv,G0L,60,62,29,Within horizon
Existing flow,gear-supplier_prod,gear-supplier_inv,G0R,60,62,15,Within horizon
Existing flow,gear-supplier_prod,gear-supplier_inv,G1A,60,62,234,Within horizon
Existing flow,gear-supplier_prod,gear-supplier_inv,G1C,60,62,430,Within horizon
Existing flow,gear-supplier_prod,gear-supplier_inv,G1D,60,62,274,Within horizon
Existing flow,gear-supplier_prod,gear-supplier_inv,G1Z,60,62,384,Within horizon
Existing flow,seat-supplier_trans,seat-supplier_prod,componment_seat1,39,62,4732,Within horizon
Existing flow,seat-supplier_trans,seat-supplier_prod,componment_seat2,39,62,6187,Within horizon
Existing flow,seat-supplier_trans,seat-supplier_prod,componment_seat3,39,62,1900,Within horizon
Existing flow,seat-supplier_trans,seat-supplier_prod,componment_seat4,39,62,1181,Within horizon
Existing flow,gear-supplier_inv,zp7,G0C,60,62,100,Within horizon
Existing flow,gear-supplier_inv,zp7,G0K,60,62,661,Within horizon
Existing flow,gear-supplier_inv,zp7,G0L,60,62,35,Within horizon
Existing flow,gear-supplier_inv,zp7,G0R,60,62,28,Within horizon
Existing flow,gear-supplier_inv,zp7,G1A,60,62,264,Within horizon
Existing flow,gear-supplier_inv,zp7,G1C,60,62,457,Within horizon
Existing flow,gear-supplier_inv,zp7,G1D,60,62,296,Within horizon
Existing flow,gear-supplier_inv,zp7,G1Z,60,62,159,Within horizon
Planned production - conditional,engine-supplier_prod,engine-supplier_inv,D02,62,63,33,Within horizon
Planned production - conditional,engine-supplier_prod,engine-supplier_inv,D2I,62,63,41,Within horizon
Planned production - conditional,engine-supplier_prod,engine-supplier_inv,D33,62,63,136,Within horizon
Planned production - conditional,engine-supplier_prod,engine-supplier_inv,D60,62,63,10,Within horizon
Planned production - conditional,engine-supplier_prod,engine-supplier_inv,D64,62,63,129,Within horizon
Planned production - conditional,engine-supplier_prod,engine-supplier_inv,D80,62,63,83,Within horizon
Planned production - conditional,engine-supplier_prod,engine-supplier_inv,D83,62,63,293,Within horizon
Planned production - conditional,engine-supplier_prod,engine-supplier_inv,DB0,62,63,8,Within horizon
Planned production - conditional,engine-supplier_prod,engine-supplier_inv,DB8,62,63,13,Within horizon
Planned production - conditional,engine-supplier_prod,engine-supplier_inv,DE2,62,63,1,Within horizon
Planned production - conditional,engine-supplier_prod,engine-supplier_inv,DE4,62,63,39,Within horizon
Planned production - conditional,engine-supplier_prod,engine-supplier_inv,DE5,62,63,51,Within horizon
Planned production - conditional,engine-supplier_prod,engine-supplier_inv,DF4,62,63,1,Within horizon
Planned production - conditional,engine-supplier_prod,engine-supplier_inv,DF6,62,63,8,Within horizon
Planned production - conditional,engine-supplier_prod,engine-supplier_inv,DG6,62,63,237,Within horizon
Planned production - conditional,engine-supplier_prod,engine-supplier_inv,DG8,62,63,144,Within horizon
Planned production - conditional,engine-supplier_prod,engine-supplier_inv,DK7,62,63,77,Within horizon
Planned production - conditional,engine-supplier_prod,engine-supplier_inv,DK8,62,63,181,Within horizon
Planned production - conditional,engine-supplier_prod,engine-supplier_inv,DK9,62,63,17,Within horizon
Planned production - conditional,engine-supplier_prod,engine-supplier_inv,DM4,62,63,4,Within horizon
Planned production - conditional,engine-supplier_prod,engine-supplier_inv,DN1,62,63,1,Within horizon
Planned production - conditional,engine-supplier_prod,engine-supplier_inv,DN4,62,63,253,Within horizon
Planned production - conditional,engine-supplier_prod,engine-supplier_inv,DN6,62,63,7,Within horizon
Planned production - conditional,engine-supplier_prod,engine-supplier_inv,DP2,62,63,40,Within horizon
Planned production - conditional,engine-supplier_prod,engine-supplier_inv,DQ4,62,63,13,Within horizon
Planned production - conditional,engine-supplier_prod,engine-supplier_inv,DQ9,62,63,91,Within horizon
Planned production - conditional,engine-supplier_prod,engine-supplier_inv,DR8,62,63,30,Within horizon
Planned production - conditional,engine-supplier_prod,engine-supplier_inv,DS9,62,63,59,Within horizon
Planned production - conditional,gear-supplier_prod,gear-supplier_inv,G0C,61,63,112,Within horizon
Planned production - conditional,gear-supplier_prod,gear-supplier_inv,G0K,61,63,661,Within horizon
Planned production - conditional,gear-supplier_prod,gear-supplier_inv,G0L,61,63,37,Within horizon
Planned production - conditional,gear-supplier_prod,gear-supplier_inv,G0R,61,63,26,Within horizon
Planned production - conditional,gear-supplier_prod,gear-supplier_inv,G1A,61,63,268,Within horizon
Planned production - conditional,gear-supplier_prod,gear-supplier_inv,G1C,61,63,535,Within horizon
Planned production - conditional,gear-supplier_prod,gear-supplier_inv,G1D,61,63,309,Within horizon
Planned production - conditional,gear-supplier_prod,gear-supplier_inv,G1Z,61,63,52,Within horizon
Planned production - conditional,engine-supplier_prod,engine-supplier_inv,D02,63,64,44,Within horizon
Planned production - conditional,engine-supplier_prod,engine-supplier_inv,D2I,63,64,37,Within horizon
Planned production - conditional,engine-supplier_prod,engine-supplier_inv,D33,63,64,150,Within horizon
Planned production - conditional,engine-supplier_prod,engine-supplier_inv,D36,63,64,3,Within horizon
Planned production - conditional,engine-supplier_prod,engine-supplier_inv,D60,63,64,20,Within horizon
Planned production - conditional,engine-supplier_prod,engine-supplier_inv,D64,63,64,93,Within horizon
Planned production - conditional,engine-supplier_prod,engine-supplier_inv,D80,63,64,64,Within horizon
Planned production - conditional,engine-supplier_prod,engine-supplier_inv,D83,63,64,159,Within horizon
Planned production - conditional,engine-supplier_prod,engine-supplier_inv,DB0,63,64,6,Within horizon
Planned production - conditional,engine-supplier_prod,engine-supplier_inv,DB8,63,64,15,Within horizon
Planned production - conditional,engine-supplier_prod,engine-supplier_inv,DE2,63,64,6,Within horizon
Planned production - conditional,engine-supplier_prod,engine-supplier_inv,DE4,63,64,32,Within horizon
Planned production - conditional,engine-supplier_prod,engine-supplier_inv,DE5,63,64,61,Within horizon
Planned production - conditional,engine-supplier_prod,engine-supplier_inv,DF4,63,64,4,Within horizon
Planned production - conditional,engine-supplier_prod,engine-supplier_inv,DF6,63,64,5,Within horizon
Planned production - conditional,engine-supplier_prod,engine-supplier_inv,DG6,63,64,279,Within horizon
Planned production - conditional,engine-supplier_prod,engine-supplier_inv,DG8,63,64,167,Within horizon
Planned production - conditional,engine-supplier_prod,engine-supplier_inv,DK7,63,64,49,Within horizon
Planned production - conditional,engine-supplier_prod,engine-supplier_inv,DK8,63,64,202,Within horizon
Planned production - conditional,engine-supplier_prod,engine-supplier_inv,DK9,63,64,7,Within horizon
Planned production - conditional,engine-supplier_prod,engine-supplier_inv,DM4,63,64,14,Within horizon
Planned production - conditional,engine-supplier_prod,engine-supplier_inv,DN1,63,64,11,Within horizon
Planned production - conditional,engine-supplier_prod,engine-supplier_inv,DN4,63,64,287,Within horizon
Planned production - conditional,engine-supplier_prod,engine-supplier_inv,DN6,63,64,15,Within horizon
Planned production - conditional,engine-supplier_prod,engine-supplier_inv,DP2,63,64,46,Within horizon
Planned production - conditional,engine-supplier_prod,engine-supplier_inv,DQ4,63,64,33,Within horizon
Planned production - conditional,engine-supplier_prod,engine-supplier_inv,DQ9,63,64,99,Within horizon
Planned production - conditional,engine-supplier_prod,engine-supplier_inv,DR8,63,64,22,Within horizon
Planned production - conditional,engine-supplier_prod,engine-supplier_inv,DS9,63,64,70,Within horizon
Planned production - conditional,gear-supplier_prod,gear-supplier_inv,G0C,62,64,85,Within horizon
Planned production - conditional,gear-supplier_prod,gear-supplier_inv,G0K,62,64,573,Within horizon
Planned production - conditional,gear-supplier_prod,gear-supplier_inv,G0L,62,64,39,Within horizon
Planned production - conditional,gear-supplier_prod,gear-supplier_inv,G0R,62,64,18,Within horizon
Planned production - conditional,gear-supplier_prod,gear-supplier_inv,G1A,62,64,245,Within horizon
Planned production - conditional,gear-supplier_prod,gear-supplier_inv,G1C,62,64,452,Within horizon
Planned production - conditional,gear-supplier_prod,gear-supplier_inv,G1D,62,64,295,Within horizon
Planned production - conditional,gear-supplier_prod,gear-supplier_inv,G1Z,62,64,293,Within horizon
Planned production - conditional,engine-supplier_prod,engine-supplier_inv,D02,64,65,15,Within horizon
Planned production - conditional,engine-supplier_prod,engine-supplier_inv,D2I,64,65,68,Within horizon
Planned production - conditional,engine-supplier_prod,engine-supplier_inv,D33,64,65,63,Within horizon
Planned production - conditional,engine-supplier_prod,engine-supplier_inv,D60,64,65,2,Within horizon
Planned production - conditional,engine-supplier_prod,engine-supplier_inv,D64,64,65,180,Within horizon
Planned production - conditional,engine-supplier_prod,engine-supplier_inv,D80,64,65,99,Within horizon
Planned production - conditional,engine-supplier_prod,engine-supplier_inv,D83,64,65,709,Within horizon
Planned production - conditional,engine-supplier_prod,engine-supplier_inv,DB0,64,65,3,Within horizon
Planned production - conditional,engine-supplier_prod,engine-supplier_inv,DB8,64,65,8,Within horizon
Planned production - conditional,engine-supplier_prod,engine-supplier_inv,DE2,64,65,2,Within horizon
Planned production - conditional,engine-supplier_prod,engine-supplier_inv,DE4,64,65,66,Within horizon
Planned production - conditional,engine-supplier_prod,engine-supplier_inv,DE5,64,65,36,Within horizon
Planned production - conditional,engine-supplier_prod,engine-supplier_inv,DG6,64,65,142,Within horizon
Planned production - conditional,engine-supplier_prod,engine-supplier_inv,DG8,64,65,96,Within horizon
Planned production - conditional,engine-supplier_prod,engine-supplier_inv,DK7,64,65,112,Within horizon
Planned production - conditional,engine-supplier_prod,engine-supplier_inv,DK8,64,65,125,Within horizon
Planned production - conditional,engine-supplier_prod,engine-supplier_inv,DK9,64,65,6,Within horizon
Planned production - conditional,engine-supplier_prod,engine-supplier_inv,DM4,64,65,2,Within horizon
Planned production - conditional,engine-supplier_prod,engine-supplier_inv,DN4,64,65,158,Within horizon
Planned production - conditional,engine-supplier_prod,engine-supplier_inv,DN6,64,65,8,Within horizon
Planned production - conditional,engine-supplier_prod,engine-supplier_inv,DP2,64,65,12,Within horizon
Planned production - conditional,engine-supplier_prod,engine-supplier_inv,DQ4,64,65,3,Within horizon
Planned production - conditional,engine-supplier_prod,engine-supplier_inv,DQ9,64,65,46,Within horizon
Planned production - conditional,engine-supplier_prod,engine-supplier_inv,DR8,64,65,11,Within horizon
Planned production - conditional,engine-supplier_prod,engine-supplier_inv,DS9,64,65,28,Within horizon
Planned production - conditional,gear-supplier_prod,gear-supplier_inv,G0C,63,65,100,Within horizon
Planned production - conditional,gear-supplier_prod,gear-supplier_inv,G0K,63,65,661,Within horizon
Planned production - conditional,gear-supplier_prod,gear-supplier_inv,G0L,63,65,35,Within horizon
Planned production - conditional,gear-supplier_prod,gear-supplier_inv,G0R,63,65,28,Within horizon
Planned production - conditional,gear-supplier_prod,gear-supplier_inv,G1A,63,65,264,Within horizon
Planned production - conditional,gear-supplier_prod,gear-supplier_inv,G1C,63,65,457,Within horizon
Planned production - conditional,gear-supplier_prod,gear-supplier_inv,G1D,63,65,296,Within horizon
Planned production - conditional,gear-supplier_prod,gear-supplier_inv,G1Z,63,65,159,Within horizon
Existing flow,battery-supplier_trans,battery-supplier_prod,componment_battery1,46,66,9470,Within horizon
Existing flow,battery-supplier_trans,battery-supplier_prod,componment_battery2,46,66,5682,Within horizon
Existing flow,battery-supplier_trans,battery-supplier_prod,componment_battery3,46,66,3788,Within horizon
Planned production - conditional,engine-supplier_prod,engine-supplier_inv,D02,65,66,57,Within horizon
Planned production - conditional,engine-supplier_prod,engine-supplier_inv,D2I,65,66,35,Within horizon
Planned production - conditional,engine-supplier_prod,engine-supplier_inv,D33,65,66,135,Within horizon
Planned production - conditional,engine-supplier_prod,engine-supplier_inv,D36,65,66,1,Within horizon
Planned production - conditional,engine-supplier_prod,engine-supplier_inv,D60,65,66,22,Within horizon
Planned production - conditional,engine-supplier_prod,engine-supplier_inv,D64,65,66,82,Within horizon
Planned production - conditional,engine-supplier_prod,engine-supplier_inv,D80,65,66,51,Within horizon
Planned production - conditional,engine-supplier_prod,engine-supplier_inv,D83,65,66,76,Within horizon
Planned production - conditional,engine-supplier_prod,engine-supplier_inv,DB0,65,66,9,Within horizon
Planned production - conditional,engine-supplier_prod,engine-supplier_inv,DB8,65,66,20,Within horizon
Planned production - conditional,engine-supplier_prod,engine-supplier_inv,DE2,65,66,2,Within horizon
Planned production - conditional,engine-supplier_prod,engine-supplier_inv,DE4,65,66,31,Within horizon
Planned production - conditional,engine-supplier_prod,engine-supplier_inv,DE5,65,66,57,Within horizon
Planned production - conditional,engine-supplier_prod,engine-supplier_inv,DF4,65,66,6,Within horizon
Planned production - conditional,engine-supplier_prod,engine-supplier_inv,DF6,65,66,7,Within horizon
Planned production - conditional,engine-supplier_prod,engine-supplier_inv,DG6,65,66,316,Within horizon
Planned production - conditional,engine-supplier_prod,engine-supplier_inv,DG8,65,66,172,Within horizon
Planned production - conditional,engine-supplier_prod,engine-supplier_inv,DK7,65,66,58,Within horizon
Planned production - conditional,engine-supplier_prod,engine-supplier_inv,DK8,65,66,234,Within horizon
Planned production - conditional,engine-supplier_prod,engine-supplier_inv,DK9,65,66,17,Within horizon
Planned production - conditional,engine-supplier_prod,engine-supplier_inv,DM4,65,66,12,Within horizon
Planned production - conditional,engine-supplier_prod,engine-supplier_inv,DN1,65,66,7,Within horizon
Planned production - conditional,engine-supplier_prod,engine-supplier_inv,DN4,65,66,284,Within horizon
Planned production - conditional,engine-supplier_prod,engine-supplier_inv,DN6,65,66,11,Within horizon
Planned production - conditional,engine-supplier_prod,engine-supplier_inv,DP2,65,66,45,Within horizon
Planned production - conditional,engine-supplier_prod,engine-supplier_inv,DQ4,65,66,28,Within horizon
Planned production - conditional,engine-supplier_prod,engine-supplier_inv,DQ9,65,66,128,Within horizon
Planned production - conditional,engine-supplier_prod,engine-supplier_inv,DR8,65,66,30,Within horizon
Planned production - conditional,engine-supplier_prod,engine-supplier_inv,DS9,65,66,67,Within horizon
Planned production - conditional,gear-supplier_prod,gear-supplier_inv,G0C,64,66,86,Within horizon
Planned production - conditional,gear-supplier_prod,gear-supplier_inv,G0K,64,66,420,Within horizon
Planned production - conditional,gear-supplier_prod,gear-supplier_inv,G0L,64,66,24,Within horizon
Planned production - conditional,gear-supplier_prod,gear-supplier_inv,G0R,64,66,6,Within horizon
Planned production - conditional,gear-supplier_prod,gear-supplier_inv,G1A,64,66,166,Within horizon
Planned production - conditional,gear-supplier_prod,gear-supplier_inv,G1C,64,66,339,Within horizon
Planned production - conditional,gear-supplier_prod,gear-supplier_inv,G1D,64,66,250,Within horizon
Planned production - conditional,gear-supplier_prod,gear-supplier_inv,G1Z,64,66,709,Within horizon
Planned production - conditional,engine-supplier_prod,engine-supplier_inv,D02,66,67,48,Within horizon
Planned production - conditional,engine-supplier_prod,engine-supplier_inv,D2I,66,67,20,Within horizon
Planned production - conditional,engine-supplier_prod,engine-supplier_inv,D33,66,67,178,Within horizon
Planned production - conditional,engine-supplier_prod,engine-supplier_inv,D36,66,67,5,Within horizon
Planned production - conditional,engine-supplier_prod,engine-supplier_inv,D60,66,67,28,Within horizon
Planned production - conditional,engine-supplier_prod,engine-supplier_inv,D64,66,67,80,Within horizon
Planned production - conditional,engine-supplier_prod,engine-supplier_inv,D80,66,67,56,Within horizon
Planned production - conditional,engine-supplier_prod,engine-supplier_inv,D83,66,67,64,Within horizon
Planned production - conditional,engine-supplier_prod,engine-supplier_inv,DB0,66,67,9,Within horizon
Planned production - conditional,engine-supplier_prod,engine-supplier_inv,DB8,66,67,11,Within horizon
Planned production - conditional,engine-supplier_prod,engine-supplier_inv,DE2,66,67,5,Within horizon
Planned production - conditional,engine-supplier_prod,engine-supplier_inv,DE4,66,67,24,Within horizon
Planned production - conditional,engine-supplier_prod,engine-supplier_inv,DE5,66,67,82,Within horizon
Planned production - conditional,engine-supplier_prod,engine-supplier_inv,DF4,66,67,3,Within horizon
Planned production - conditional,engine-supplier_prod,engine-supplier_inv,DF6,66,67,3,Within horizon
Planned production - conditional,engine-supplier_prod,engine-supplier_inv,DG6,66,67,296,Within horizon
Planned production - conditional,engine-supplier_prod,engine-supplier_inv,DG8,66,67,170,Within horizon
Planned production - conditional,engine-supplier_prod,engine-supplier_inv,DK7,66,67,40,Within horizon
Planned production - conditional,engine-supplier_prod,engine-supplier_inv,DK8,66,67,218,Within horizon
Planned production - conditional,engine-supplier_prod,engine-supplier_inv,DK9,66,67,10,Within horizon
Planned production - conditional,engine-supplier_prod,engine-supplier_inv,DM4,66,67,10,Within horizon
Planned production - conditional,engine-supplier_prod,engine-supplier_inv,DN1,66,67,8,Within horizon
Planned production - conditional,engine-supplier_prod,engine-supplier_inv,DN4,66,67,316,Within horizon
Planned production - conditional,engine-supplier_prod,engine-supplier_inv,DN6,66,67,12,Within horizon
Planned production - conditional,engine-supplier_prod,engine-supplier_inv,DP2,66,67,45,Within horizon
Planned production - conditional,engine-supplier_prod,engine-supplier_inv,DQ4,66,67,29,Within horizon
Planned production - conditional,engine-supplier_prod,engine-supplier_inv,DQ9,66,67,112,Within horizon
Planned production - conditional,engine-supplier_prod,engine-supplier_inv,DR8,66,67,23,Within horizon
Planned production - conditional,engine-supplier_prod,engine-supplier_inv,DS9,66,67,95,Within horizon
Planned production - conditional,gear-supplier_prod,gear-supplier_inv,G0C,65,67,106,Within horizon
Planned production - conditional,gear-supplier_prod,gear-supplier_inv,G0K,65,67,670,Within horizon
Planned production - conditional,gear-supplier_prod,gear-supplier_inv,G0L,65,67,40,Within horizon
Planned production - conditional,gear-supplier_prod,gear-supplier_inv,G0R,65,67,33,Within horizon
Planned production - conditional,gear-supplier_prod,gear-supplier_inv,G1A,65,67,237,Within horizon
Planned production - conditional,gear-supplier_prod,gear-supplier_inv,G1C,65,67,525,Within horizon
Planned production - conditional,gear-supplier_prod,gear-supplier_inv,G1D,65,67,313,Within horizon
Planned production - conditional,gear-supplier_prod,gear-supplier_inv,G1Z,65,67,76,Within horizon
Planned production - conditional,engine-supplier_prod,engine-supplier_inv,D02,67,68,30,Within horizon
Planned production - conditional,engine-supplier_prod,engine-supplier_inv,D2I,67,68,49,Within horizon
Planned production - conditional,engine-supplier_prod,engine-supplier_inv,D33,67,68,112,Within horizon
Planned production - conditional,engine-supplier_prod,engine-supplier_inv,D36,67,68,2,Within horizon
Planned production - conditional,engine-supplier_prod,engine-supplier_inv,D60,67,68,12,Within horizon
Planned production - conditional,engine-supplier_prod,engine-supplier_inv,D64,67,68,135,Within horizon
Planned production - conditional,engine-supplier_prod,engine-supplier_inv,D80,67,68,80,Within horizon
Planned production - conditional,engine-supplier_prod,engine-supplier_inv,D83,67,68,384,Within horizon
Planned production - conditional,engine-supplier_prod,engine-supplier_inv,DB0,67,68,10,Within horizon
Planned production - conditional,engine-supplier_prod,engine-supplier_inv,DB8,67,68,11,Within horizon
Planned production - conditional,engine-supplier_prod,engine-supplier_inv,DE2,67,68,3,Within horizon
Planned production - conditional,engine-supplier_prod,engine-supplier_inv,DE4,67,68,41,Within horizon
Planned production - conditional,engine-supplier_prod,engine-supplier_inv,DE5,67,68,50,Within horizon
Planned production - conditional,engine-supplier_prod,engine-supplier_inv,DF4,67,68,3,Within horizon
Planned production - conditional,engine-supplier_prod,engine-supplier_inv,DF6,67,68,2,Within horizon
Planned production - conditional,engine-supplier_prod,engine-supplier_inv,DG6,67,68,233,Within horizon
Planned production - conditional,engine-supplier_prod,engine-supplier_inv,DG8,67,68,117,Within horizon
Planned production - conditional,engine-supplier_prod,engine-supplier_inv,DK7,67,68,79,Within horizon
Planned production - conditional,engine-supplier_prod,engine-supplier_inv,DK8,67,68,183,Within horizon
Planned production - conditional,engine-supplier_prod,engine-supplier_inv,DK9,67,68,11,Within horizon
Planned production - conditional,engine-supplier_prod,engine-supplier_inv,DM4,67,68,9,Within horizon
Planned production - conditional,engine-supplier_prod,engine-supplier_inv,DN1,67,68,2,Within horizon
Planned production - conditional,engine-supplier_prod,engine-supplier_inv,DN4,67,68,223,Within horizon
Planned production - conditional,engine-supplier_prod,engine-supplier_inv,DN6,67,68,10,Within horizon
Planned production - conditional,engine-supplier_prod,engine-supplier_inv,DP2,67,68,29,Within horizon
Planned production - conditional,engine-supplier_prod,engine-supplier_inv,DQ4,67,68,24,Within horizon
Planned production - conditional,engine-supplier_prod,engine-supplier_inv,DQ9,67,68,88,Within horizon
Planned production - conditional,engine-supplier_prod,engine-supplier_inv,DR8,67,68,18,Within horizon
Planned production - conditional,engine-supplier_prod,engine-supplier_inv,DS9,67,68,50,Within horizon
Planned production - conditional,gear-supplier_prod,gear-supplier_inv,G0C,66,68,82,Within horizon
Planned production - conditional,gear-supplier_prod,gear-supplier_inv,G0K,66,68,688,Within horizon
Planned production - conditional,gear-supplier_prod,gear-supplier_inv,G0L,66,68,51,Within horizon
Planned production - conditional,gear-supplier_prod,gear-supplier_inv,G0R,66,68,26,Within horizon
Planned production - conditional,gear-supplier_prod,gear-supplier_inv,G1A,66,68,259,Within horizon
Planned production - conditional,gear-supplier_prod,gear-supplier_inv,G1C,66,68,515,Within horizon
Planned production - conditional,gear-supplier_prod,gear-supplier_inv,G1D,66,68,315,Within horizon
Planned production - conditional,gear-supplier_prod,gear-supplier_inv,G1Z,66,68,64,Within horizon
Planned production - conditional,engine-supplier_prod,engine-supplier_inv,D02,68,69,53,Within horizon
Planned production - conditional,engine-supplier_prod,engine-supplier_inv,D2I,68,69,27,Within horizon
Planned production - conditional,engine-supplier_prod,engine-supplier_inv,D33,68,69,178,Within horizon
Planned production - conditional,engine-supplier_prod,engine-supplier_inv,D36,68,69,3,Within horizon
Planned production - conditional,engine-supplier_prod,engine-supplier_inv,D60,68,69,19,Within horizon
Planned production - conditional,engine-supplier_prod,engine-supplier_inv,D64,68,69,96,Within horizon
Planned production - conditional,engine-supplier_prod,engine-supplier_inv,D80,68,69,74,Within horizon
Planned production - conditional,engine-supplier_prod,engine-supplier_inv,D83,68,69,59,Within horizon
Planned production - conditional,engine-supplier_prod,engine-supplier_inv,DB0,68,69,10,Within horizon
Planned production - conditional,engine-supplier_prod,engine-supplier_inv,DB8,68,69,11,Within horizon
Planned production - conditional,engine-supplier_prod,engine-supplier_inv,DE2,68,69,2,Within horizon
Planned production - conditional,engine-supplier_prod,engine-supplier_inv,DE4,68,69,25,Within horizon
Planned production - conditional,engine-supplier_prod,engine-supplier_inv,DE5,68,69,69,Within horizon
Planned production - conditional,engine-supplier_prod,engine-supplier_inv,DF4,68,69,2,Within horizon
Planned production - conditional,engine-supplier_prod,engine-supplier_inv,DF6,68,69,10,Within horizon
Planned production - conditional,engine-supplier_prod,engine-supplier_inv,DG6,68,69,291,Within horizon
Planned production - conditional,engine-supplier_prod,engine-supplier_inv,DG8,68,69,173,Within horizon
Planned production - conditional,engine-supplier_prod,engine-supplier_inv,DK7,68,69,48,Within horizon
Planned production - conditional,engine-supplier_prod,engine-supplier_inv,DK8,68,69,217,Within horizon
Planned production - conditional,engine-supplier_prod,engine-supplier_inv,DK9,68,69,21,Within horizon
Planned production - conditional,engine-supplier_prod,engine-supplier_inv,DM4,68,69,8,Within horizon
Planned production - conditional,engine-supplier_prod,engine-supplier_inv,DN1,68,69,1,Within horizon
Planned production - conditional,engine-supplier_prod,engine-supplier_inv,DN4,68,69,283,Within horizon
Planned production - conditional,engine-supplier_prod,engine-supplier_inv,DN6,68,69,8,Within horizon
Planned production - conditional,engine-supplier_prod,engine-supplier_inv,DP2,68,69,59,Within horizon
Planned production - conditional,engine-supplier_prod,engine-supplier_inv,DQ4,68,69,22,Within horizon
Planned production - conditional,engine-supplier_prod,engine-supplier_inv,DQ9,68,69,111,Within horizon
Planned production - conditional,engine-supplier_prod,engine-supplier_inv,DR8,68,69,40,Within horizon
Planned production - conditional,engine-supplier_prod,engine-supplier_inv,DS9,68,69,80,Within horizon
Planned production - conditional,gear-supplier_prod,gear-supplier_inv,G0C,67,69,94,Within horizon
Planned production - conditional,gear-supplier_prod,gear-supplier_inv,G0K,67,69,540,Within horizon
Planned production - conditional,gear-supplier_prod,gear-supplier_inv,G0L,67,69,29,Within horizon
Planned production - conditional,gear-supplier_prod,gear-supplier_inv,G0R,67,69,15,Within horizon
Planned production - conditional,gear-supplier_prod,gear-supplier_inv,G1A,67,69,234,Within horizon
Planned production - conditional,gear-supplier_prod,gear-supplier_inv,G1C,67,69,430,Within horizon
Planned production - conditional,gear-supplier_prod,gear-supplier_inv,G1D,67,69,274,Within horizon
Planned production - conditional,gear-supplier_prod,gear-supplier_inv,G1Z,67,69,384,Within horizon
Existing flow,seat-supplier_trans,seat-supplier_prod,componment_seat1,46,69,5269,Within horizon
Existing flow,seat-supplier_trans,seat-supplier_prod,componment_seat2,46,69,5582,Within horizon
Existing flow,seat-supplier_trans,seat-supplier_prod,componment_seat3,46,69,1923,Within horizon
Existing flow,seat-supplier_trans,seat-supplier_prod,componment_seat4,46,69,1226,Within horizon
Planned production - conditional,engine-supplier_prod,engine-supplier_inv,D02,69,70,43,Within horizon
Planned production - conditional,engine-supplier_prod,engine-supplier_inv,D2I,69,70,39,Within horizon
Planned production - conditional,engine-supplier_prod,engine-supplier_inv,D33,69,70,122,Within horizon
Planned production - conditional,engine-supplier_prod,engine-supplier_inv,D36,69,70,1,Within horizon
Planned production - conditional,engine-supplier_prod,engine-supplier_inv,D60,69,70,13,Within horizon
Planned production - conditional,engine-supplier_prod,engine-supplier_inv,D64,69,70,113,Within horizon
Planned production - conditional,engine-supplier_prod,engine-supplier_inv,D80,69,70,81,Within horizon
Planned production - conditional,engine-supplier_prod,engine-supplier_inv,D83,69,70,275,Within horizon
Planned production - conditional,engine-supplier_prod,engine-supplier_inv,DB0,69,70,5,Within horizon
Planned production - conditional,engine-supplier_prod,engine-supplier_inv,DB8,69,70,16,Within horizon
Planned production - conditional,engine-supplier_prod,engine-supplier_inv,DE2,69,70,3,Within horizon
Planned production - conditional,engine-supplier_prod,engine-supplier_inv,DE4,69,70,41,Within horizon
Planned production - conditional,engine-supplier_prod,engine-supplier_inv,DE5,69,70,52,Within horizon
Planned production - conditional,engine-supplier_prod,engine-supplier_inv,DF4,69,70,1,Within horizon
Planned production - conditional,engine-supplier_prod,engine-supplier_inv,DF6,69,70,7,Within horizon
Planned production - conditional,engine-supplier_prod,engine-supplier_inv,DG6,69,70,245,Within horizon
Planned production - conditional,engine-supplier_prod,engine-supplier_inv,DG8,69,70,144,Within horizon
Planned production - conditional,engine-supplier_prod,engine-supplier_inv,DK7,69,70,68,Within horizon
Planned production - conditional,engine-supplier_prod,engine-supplier_inv,DK8,69,70,175,Within horizon
Planned production - conditional,engine-supplier_prod,engine-supplier_inv,DK9,69,70,11,Within horizon
Planned production - conditional,engine-supplier_prod,engine-supplier_inv,DM4,69,70,11,Within horizon
Planned production - conditional,engine-supplier_prod,engine-supplier_inv,DN1,69,70,6,Within horizon
Planned production - conditional,engine-supplier_prod,engine-supplier_inv,DN4,69,70,292,Within horizon
Planned production - conditional,engine-supplier_prod,engine-supplier_inv,DN6,69,70,10,Within horizon
Planned production - conditional,engine-supplier_prod,engine-supplier_inv,DP2,69,70,40,Within horizon
Planned production - conditional,engine-supplier_prod,engine-supplier_inv,DQ4,69,70,20,Within horizon
Planned production - conditional,engine-supplier_prod,engine-supplier_inv,DQ9,69,70,91,Within horizon
Planned production - conditional,engine-supplier_prod,engine-supplier_inv,DR8,69,70,16,Within horizon
Planned production - conditional,engine-supplier_prod,engine-supplier_inv,DS9,69,70,59,Within horizon
Planned production - conditional,gear-supplier_prod,gear-supplier_inv,G0C,68,70,84,Within horizon
Planned production - conditional,gear-supplier_prod,gear-supplier_inv,G0K,68,70,660,Within horizon
Planned production - conditional,gear-supplier_prod,gear-supplier_inv,G0L,68,70,48,Within horizon
Planned production - conditional,gear-supplier_prod,gear-supplier_inv,G0R,68,70,26,Within horizon
Planned production - conditional,gear-supplier_prod,gear-supplier_inv,G1A,68,70,279,Within horizon
Planned production - conditional,gear-supplier_prod,gear-supplier_inv,G1C,68,70,513,Within horizon
Planned production - conditional,gear-supplier_prod,gear-supplier_inv,G1D,68,70,331,Within horizon
Planned production - conditional,gear-supplier_prod,gear-supplier_inv,G1Z,68,70,59,Within horizon
Planned production - conditional,engine-supplier_prod,engine-supplier_inv,D02,70,71,53,Within horizon
Planned production - conditional,engine-supplier_prod,engine-supplier_inv,D2I,70,71,34,Within horizon
Planned production - conditional,engine-supplier_prod,engine-supplier_inv,D33,70,71,145,Within horizon
Planned production - conditional,engine-supplier_prod,engine-supplier_inv,D36,70,71,2,Within horizon
Planned production - conditional,engine-supplier_prod,engine-supplier_inv,D60,70,71,20,Within horizon
Planned production - conditional,engine-supplier_prod,engine-supplier_inv,D64,70,71,105,Within horizon
Planned production - conditional,engine-supplier_prod,engine-supplier_inv,D80,70,71,55,Within horizon
Planned production - conditional,engine-supplier_prod,engine-supplier_inv,D83,70,71,182,Within horizon
Planned production - conditional,engine-supplier_prod,engine-supplier_inv,DB0,70,71,7,Within horizon
Planned production - conditional,engine-supplier_prod,engine-supplier_inv,DB8,70,71,17,Within horizon
Planned production - conditional,engine-supplier_prod,engine-supplier_inv,DE2,70,71,1,Within horizon
Planned production - conditional,engine-supplier_prod,engine-supplier_inv,DE4,70,71,31,Within horizon
Planned production - conditional,engine-supplier_prod,engine-supplier_inv,DE5,70,71,61,Within horizon
Planned production - conditional,engine-supplier_prod,engine-supplier_inv,DF4,70,71,4,Within horizon
Planned production - conditional,engine-supplier_prod,engine-supplier_inv,DF6,70,71,5,Within horizon
Planned production - conditional,engine-supplier_prod,engine-supplier_inv,DG6,70,71,263,Within horizon
Planned production - conditional,engine-supplier_prod,engine-supplier_inv,DG8,70,71,153,Within horizon
Planned production - conditional,engine-supplier_prod,engine-supplier_inv,DK7,70,71,68,Within horizon
Planned production - conditional,engine-supplier_prod,engine-supplier_inv,DK8,70,71,201,Within horizon
Planned production - conditional,engine-supplier_prod,engine-supplier_inv,DK9,70,71,11,Within horizon
Planned production - conditional,engine-supplier_prod,engine-supplier_inv,DM4,70,71,7,Within horizon
Planned production - conditional,engine-supplier_prod,engine-supplier_inv,DN1,70,71,2,Within horizon
Planned production - conditional,engine-supplier_prod,engine-supplier_inv,DN4,70,71,296,Within horizon
Planned production - conditional,engine-supplier_prod,engine-supplier_inv,DN6,70,71,10,Within horizon
Planned production - conditional,engine-supplier_prod,engine-supplier_inv,DP2,70,71,33,Within horizon
Planned production - conditional,engine-supplier_prod,engine-supplier_inv,DQ4,70,71,24,Within horizon
Planned production - conditional,engine-supplier_prod,engine-supplier_inv,DQ9,70,71,102,Within horizon
Planned production - conditional,engine-supplier_prod,engine-supplier_inv,DR8,70,71,22,Within horizon
Planned production - conditional,engine-supplier_prod,engine-supplier_inv,DS9,70,71,86,Within horizon
Planned production - conditional,gear-supplier_prod,gear-supplier_inv,G0C,69,71,80,Within horizon
Planned production - conditional,gear-supplier_prod,gear-supplier_inv,G0K,69,71,589,Within horizon
Planned production - conditional,gear-supplier_prod,gear-supplier_inv,G0L,69,71,33,Within horizon
Planned production - conditional,gear-supplier_prod,gear-supplier_inv,G0R,69,71,22,Within horizon
Planned production - conditional,gear-supplier_prod,gear-supplier_inv,G1A,69,71,249,Within horizon
Planned production - conditional,gear-supplier_prod,gear-supplier_inv,G1C,69,71,463,Within horizon
Planned production - conditional,gear-supplier_prod,gear-supplier_inv,G1D,69,71,289,Within horizon
Planned production - conditional,gear-supplier_prod,gear-supplier_inv,G1Z,69,71,275,Within horizon
Planned production - conditional,gear-supplier_prod,gear-supplier_inv,G0C,70,72,89,Within horizon
Planned production - conditional,gear-supplier_prod,gear-supplier_inv,G0K,70,72,631,Within horizon
Planned production - conditional,gear-supplier_prod,gear-supplier_inv,G0L,70,72,42,Within horizon
Planned production - conditional,gear-supplier_prod,gear-supplier_inv,G0R,70,72,24,Within horizon
Planned production - conditional,gear-supplier_prod,gear-supplier_inv,G1A,70,72,214,Within horizon
Planned production - conditional,gear-supplier_prod,gear-supplier_inv,G1C,70,72,500,Within horizon
Planned production - conditional,gear-supplier_prod,gear-supplier_inv,G1D,70,72,318,Within horizon
Planned production - conditional,gear-supplier_prod,gear-supplier_inv,G1Z,70,72,182,Within horizon
Existing flow,battery-supplier_trans,battery-supplier_prod,componment_battery1,53,73,4220,Within horizon
Existing flow,battery-supplier_trans,battery-supplier_prod,componment_battery2,53,73,2532,Within horizon
Existing flow,battery-supplier_trans,battery-supplier_prod,componment_battery3,53,73,1688,Within horizon
Existing flow,seat-supplier_trans,seat-supplier_prod,componment_seat1,53,76,5563,After horizon
Existing flow,seat-supplier_trans,seat-supplier_prod,componment_seat2,53,76,5199,After horizon
Existing flow,seat-supplier_trans,seat-supplier_prod,componment_seat3,53,76,1924,After horizon
Existing flow,seat-supplier_trans,seat-supplier_prod,componment_seat4,53,76,1314,After horizon
Existing flow,battery-supplier_trans,battery-supplier_prod,componment_battery1,60,80,4240,After horizon
Existing flow,battery-supplier_trans,battery-supplier_prod,componment_battery2,60,80,2544,After horizon
Existing flow,battery-supplier_trans,battery-supplier_prod,componment_battery3,60,80,1696,After horizon
Existing flow,seat-supplier_trans,seat-supplier_prod,componment_seat1,60,83,5515,After horizon
Existing flow,seat-supplier_trans,seat-supplier_prod,componment_seat2,60,83,5253,After horizon
Existing flow,seat-supplier_trans,seat-supplier_prod,componment_seat3,60,83,1917,After horizon
Existing flow,seat-supplier_trans,seat-supplier_prod,componment_seat4,60,83,1315,After horizon
