period,battery_orders_due,material_equivalents_before_production,production_capacity,batteries_produced,dispatch_capacity,batteries_dispatched,assembly_opening,assembly_receipts,assembly_consumed,assembly_closing
61,52,93,294,93,294,159,52,200,52,200
62,293,947,294,294,294,93,200,159,293,66
63,159,653,294,294,294,294,66,93,159,0
64,709,359,294,294,294,294,0,294,294,0
65,76,65,294,65,294,294,0,294,294,0
66,64,0,294,0,294,65,0,294,242,52
67,384,0,294,0,294,0,52,65,117,0
68,59,0,294,0,294,0,0,0,0,0
69,275,422,294,294,294,0,0,0,0,0
70,182,128,294,128,294,294,0,0,0,0
71,68,0,294,0,294,128,0,294,294,0
72,274,0,294,0,294,0,0,128,128,0
73,357,0,294,0,294,0,0,0,0,0
74,51,0,294,0,294,0,0,0,0,0
