period,from_node,to_node,capacity_units,used_units,utilization_pct
61,battery-supplier_inv,zp7,294,159,54.08
61,battery-supplier_prod,battery-supplier_inv,294,93,31.63
61,battery-supplier_trans,battery-supplier_prod,0,0,
61,engine-supplier_inv,zp7,2100,2100,100.0
61,engine-supplier_prod,engine-supplier_inv,2100,2000,95.24
61,gear-supplier_inv,zp7,2100,2100,100.0
61,gear-supplier_prod,gear-supplier_inv,2100,2000,95.24
61,seat-supplier_inv,zp7,2100,2000,95.24
61,seat-supplier_prod,seat-supplier_inv,2100,2000,95.24
61,seat-supplier_trans,seat-supplier_prod,0,0,
61,zp7,zp8,2000,2000,100.0
62,battery-supplier_inv,zp7,294,93,31.63
62,battery-supplier_prod,battery-supplier_inv,294,294,100.0
62,battery-supplier_trans,battery-supplier_prod,0,0,
62,engine-supplier_inv,zp7,2100,2100,100.0
62,engine-supplier_prod,engine-supplier_inv,2100,2000,95.24
62,gear-supplier_inv,zp7,2100,2100,100.0
62,gear-supplier_prod,gear-supplier_inv,2100,2000,95.24
62,seat-supplier_inv,zp7,2100,2000,95.24
62,seat-supplier_prod,seat-supplier_inv,2100,2000,95.24
62,seat-supplier_trans,seat-supplier_prod,0,0,
62,zp7,zp8,2000,2000,100.0
63,battery-supplier_inv,zp7,294,294,100.0
63,battery-supplier_prod,battery-supplier_inv,294,294,100.0
63,battery-supplier_trans,battery-supplier_prod,0,0,
63,engine-supplier_inv,zp7,2100,2100,100.0
63,engine-supplier_prod,engine-supplier_inv,2100,2000,95.24
63,gear-supplier_inv,zp7,2100,2100,100.0
63,gear-supplier_prod,gear-supplier_inv,2100,2000,95.24
63,seat-supplier_inv,zp7,2100,2000,95.24
63,seat-supplier_prod,seat-supplier_inv,2100,2000,95.24
63,seat-supplier_trans,seat-supplier_prod,0,0,
63,zp7,zp8,2000,2000,100.0
64,battery-supplier_inv,zp7,294,294,100.0
64,battery-supplier_prod,battery-supplier_inv,294,294,100.0
64,battery-supplier_trans,battery-supplier_prod,0,0,
64,engine-supplier_inv,zp7,2100,2100,100.0
64,engine-supplier_prod,engine-supplier_inv,2100,2000,95.24
64,gear-supplier_inv,zp7,2100,2100,100.0
64,gear-supplier_prod,gear-supplier_inv,2100,2000,95.24
64,seat-supplier_inv,zp7,2100,1585,75.48
64,seat-supplier_prod,seat-supplier_inv,2100,1585,75.48
64,seat-supplier_trans,seat-supplier_prod,0,0,
64,zp7,zp8,2000,1585,79.25
65,battery-supplier_inv,zp7,294,294,100.0
65,battery-supplier_prod,battery-supplier_inv,294,65,22.11
65,battery-supplier_trans,battery-supplier_prod,0,0,
65,engine-supplier_inv,zp7,2100,2100,100.0
65,engine-supplier_prod,engine-supplier_inv,2100,2000,95.24
65,gear-supplier_inv,zp7,2100,2100,100.0
65,gear-supplier_prod,gear-supplier_inv,2100,2000,95.24
65,seat-supplier_inv,zp7,2100,2000,95.24
65,seat-supplier_prod,seat-supplier_inv,2100,2000,95.24
65,seat-supplier_trans,seat-supplier_prod,0,0,
65,zp7,zp8,2000,2000,100.0
66,battery-supplier_inv,zp7,294,65,22.11
66,battery-supplier_prod,battery-supplier_inv,294,0,0.0
66,battery-supplier_trans,battery-supplier_prod,0,0,
66,engine-supplier_inv,zp7,2100,2100,100.0
66,engine-supplier_prod,engine-supplier_inv,2100,2000,95.24
66,gear-supplier_inv,zp7,2100,2100,100.0
66,gear-supplier_prod,gear-supplier_inv,2100,2000,95.24
66,seat-supplier_inv,zp7,2100,2000,95.24
66,seat-supplier_prod,seat-supplier_inv,2100,2000,95.24
66,seat-supplier_trans,seat-supplier_prod,0,0,
66,zp7,zp8,2000,2000,100.0
67,battery-supplier_inv,zp7,294,0,0.0
67,battery-supplier_prod,battery-supplier_inv,294,0,0.0
67,battery-supplier_trans,battery-supplier_prod,2058,0,0.0
67,engine-supplier_inv,zp7,2100,2100,100.0
67,engine-supplier_prod,engine-supplier_inv,2100,2000,95.24
67,gear-supplier_inv,zp7,2100,2100,100.0
67,gear-supplier_prod,gear-supplier_inv,2100,2000,95.24
67,seat-supplier_inv,zp7,2100,2000,95.24
67,seat-supplier_prod,seat-supplier_inv,2100,2000,95.24
67,seat-supplier_trans,seat-supplier_prod,14700,0,0.0
67,zp7,zp8,2000,2000,100.0
68,battery-supplier_inv,zp7,294,0,0.0
68,battery-supplier_prod,battery-supplier_inv,294,0,0.0
68,battery-supplier_trans,battery-supplier_prod,0,0,
68,engine-supplier_inv,zp7,2100,2100,100.0
68,engine-supplier_prod,engine-supplier_inv,2100,2000,95.24
68,gear-supplier_inv,zp7,2100,2100,100.0
68,gear-supplier_prod,gear-supplier_inv,2100,2000,95.24
68,seat-supplier_inv,zp7,2100,2000,95.24
68,seat-supplier_prod,seat-supplier_inv,2100,2000,95.24
68,seat-supplier_trans,seat-supplier_prod,0,0,
68,zp7,zp8,2000,2000,100.0
69,battery-supplier_inv,zp7,294,0,0.0
69,battery-supplier_prod,battery-supplier_inv,294,294,100.0
69,battery-supplier_trans,battery-supplier_prod,0,0,
69,engine-supplier_inv,zp7,2100,2100,100.0
69,engine-supplier_prod,engine-supplier_inv,2100,2000,95.24
69,gear-supplier_inv,zp7,2100,2100,100.0
69,gear-supplier_prod,gear-supplier_inv,2100,2000,95.24
69,seat-supplier_inv,zp7,2100,1795,85.48
69,seat-supplier_prod,seat-supplier_inv,2100,1795,85.48
69,seat-supplier_trans,seat-supplier_prod,0,0,
69,zp7,zp8,2000,1795,89.75
70,battery-supplier_inv,zp7,294,294,100.0
70,battery-supplier_prod,battery-supplier_inv,294,128,43.54
70,battery-supplier_trans,battery-supplier_prod,0,0,
70,engine-supplier_inv,zp7,2100,2100,100.0
70,engine-supplier_prod,engine-supplier_inv,2100,2000,95.24
70,gear-supplier_inv,zp7,2100,2100,100.0
70,gear-supplier_prod,gear-supplier_inv,2100,2000,95.24
70,seat-supplier_inv,zp7,2100,1818,86.57
70,seat-supplier_prod,seat-supplier_inv,2100,1818,86.57
70,seat-supplier_trans,seat-supplier_prod,0,0,
70,zp7,zp8,2000,1818,90.9
71,battery-supplier_inv,zp7,294,128,43.54
71,battery-supplier_prod,battery-supplier_inv,294,0,0.0
71,battery-supplier_trans,battery-supplier_prod,0,0,
71,engine-supplier_inv,zp7,2100,1000,47.62
71,engine-supplier_prod,engine-supplier_inv,2100,0,0.0
71,gear-supplier_inv,zp7,2100,1000,47.62
71,gear-supplier_prod,gear-supplier_inv,2100,0,0.0
71,seat-supplier_inv,zp7,2100,2000,95.24
71,seat-supplier_prod,seat-supplier_inv,2100,2000,95.24
71,seat-supplier_trans,seat-supplier_prod,0,0,
71,zp7,zp8,2000,2000,100.0
72,battery-supplier_inv,zp7,294,0,0.0
72,battery-supplier_prod,battery-supplier_inv,294,0,0.0
72,battery-supplier_trans,battery-supplier_prod,0,0,
72,engine-supplier_inv,zp7,2100,0,0.0
72,engine-supplier_prod,engine-supplier_inv,2100,0,0.0
72,gear-supplier_inv,zp7,2100,0,0.0
72,gear-supplier_prod,gear-supplier_inv,2100,0,0.0
72,seat-supplier_inv,zp7,2100,2000,95.24
72,seat-supplier_prod,seat-supplier_inv,2100,2000,95.24
72,seat-supplier_trans,seat-supplier_prod,0,0,
72,zp7,zp8,2000,2000,100.0
73,battery-supplier_inv,zp7,294,0,0.0
73,battery-supplier_prod,battery-supplier_inv,294,0,0.0
73,battery-supplier_trans,battery-supplier_prod,0,0,
73,engine-supplier_inv,zp7,2100,0,0.0
73,engine-supplier_prod,engine-supplier_inv,2100,0,0.0
73,gear-supplier_inv,zp7,2100,0,0.0
73,gear-supplier_prod,gear-supplier_inv,2100,0,0.0
73,seat-supplier_inv,zp7,2100,1723,82.05
73,seat-supplier_prod,seat-supplier_inv,2100,1723,82.05
73,seat-supplier_trans,seat-supplier_prod,0,0,
73,zp7,zp8,2000,1723,86.15
74,battery-supplier_inv,zp7,294,0,0.0
74,battery-supplier_prod,battery-supplier_inv,294,0,0.0
74,battery-supplier_trans,battery-supplier_prod,2058,0,0.0
74,engine-supplier_inv,zp7,2100,0,0.0
74,engine-supplier_prod,engine-supplier_inv,2100,0,0.0
74,gear-supplier_inv,zp7,2100,0,0.0
74,gear-supplier_prod,gear-supplier_inv,2100,0,0.0
74,seat-supplier_inv,zp7,2100,1949,92.81
74,seat-supplier_prod,seat-supplier_inv,2100,1949,92.81
74,seat-supplier_trans,seat-supplier_prod,14700,0,0.0
74,zp7,zp8,2000,1949,97.45
