scenario_id,period,from_node,to_node,route,capacity_units,used_units,unused_units,utilization_pct
baseline,61,battery-supplier_inv,zp7,battery-supplier_inv -> zp7,294,159,135,54.08
baseline,61,battery-supplier_prod,battery-supplier_inv,battery-supplier_prod -> battery-supplier_inv,294,93,201,31.63
baseline,61,battery-supplier_trans,battery-supplier_prod,battery-supplier_trans -> battery-supplier_prod,0,0,0,
baseline,61,engine-supplier_inv,zp7,engine-supplier_inv -> zp7,2100,2100,0,100.0
baseline,61,engine-supplier_prod,engine-supplier_inv,engine-supplier_prod -> engine-supplier_inv,2100,2000,100,95.24
baseline,61,gear-supplier_inv,zp7,gear-supplier_inv -> zp7,2100,2100,0,100.0
baseline,61,gear-supplier_prod,gear-supplier_inv,gear-supplier_prod -> gear-supplier_inv,2100,2000,100,95.24
baseline,61,seat-supplier_inv,zp7,seat-supplier_inv -> zp7,2100,2000,100,95.24
baseline,61,seat-supplier_prod,seat-supplier_inv,seat-supplier_prod -> seat-supplier_inv,2100,2000,100,95.24
baseline,61,seat-supplier_trans,seat-supplier_prod,seat-supplier_trans -> seat-supplier_prod,0,0,0,
baseline,61,zp7,zp8,zp7 -> zp8,2000,2000,0,100.0
baseline,62,battery-supplier_inv,zp7,battery-supplier_inv -> zp7,294,93,201,31.63
baseline,62,battery-supplier_prod,battery-supplier_inv,battery-supplier_prod -> battery-supplier_inv,294,0,294,0.0
baseline,62,battery-supplier_trans,battery-supplier_prod,battery-supplier_trans -> battery-supplier_prod,0,0,0,
baseline,62,engine-supplier_inv,zp7,engine-supplier_inv -> zp7,2100,2100,0,100.0
baseline,62,engine-supplier_prod,engine-supplier_inv,engine-supplier_prod -> engine-supplier_inv,2100,2000,100,95.24
baseline,62,gear-supplier_inv,zp7,gear-supplier_inv -> zp7,2100,2100,0,100.0
baseline,62,gear-supplier_prod,gear-supplier_inv,gear-supplier_prod -> gear-supplier_inv,2100,2000,100,95.24
baseline,62,seat-supplier_inv,zp7,seat-supplier_inv -> zp7,2100,2000,100,95.24
baseline,62,seat-supplier_prod,seat-supplier_inv,seat-supplier_prod -> seat-supplier_inv,2100,2000,100,95.24
baseline,62,seat-supplier_trans,seat-supplier_prod,seat-supplier_trans -> seat-supplier_prod,0,0,0,
baseline,62,zp7,zp8,zp7 -> zp8,2000,2000,0,100.0
baseline,63,battery-supplier_inv,zp7,battery-supplier_inv -> zp7,294,0,294,0.0
baseline,63,battery-supplier_prod,battery-supplier_inv,battery-supplier_prod -> battery-supplier_inv,294,0,294,0.0
baseline,63,battery-supplier_trans,battery-supplier_prod,battery-supplier_trans -> battery-supplier_prod,0,0,0,
baseline,63,engine-supplier_inv,zp7,engine-supplier_inv -> zp7,2100,2100,0,100.0
baseline,63,engine-supplier_prod,engine-supplier_inv,engine-supplier_prod -> engine-supplier_inv,2100,2000,100,95.24
baseline,63,gear-supplier_inv,zp7,gear-supplier_inv -> zp7,2100,2100,0,100.0
baseline,63,gear-supplier_prod,gear-supplier_inv,gear-supplier_prod -> gear-supplier_inv,2100,2000,100,95.24
baseline,63,seat-supplier_inv,zp7,seat-supplier_inv -> zp7,2100,2000,100,95.24
baseline,63,seat-supplier_prod,seat-supplier_inv,seat-supplier_prod -> seat-supplier_inv,2100,2000,100,95.24
baseline,63,seat-supplier_trans,seat-supplier_prod,seat-supplier_trans -> seat-supplier_prod,0,0,0,
baseline,63,zp7,zp8,zp7 -> zp8,2000,2000,0,100.0
baseline,64,battery-supplier_inv,zp7,battery-supplier_inv -> zp7,294,0,294,0.0
baseline,64,battery-supplier_prod,battery-supplier_inv,battery-supplier_prod -> battery-supplier_inv,294,0,294,0.0
baseline,64,battery-supplier_trans,battery-supplier_prod,battery-supplier_trans -> battery-supplier_prod,0,0,0,
baseline,64,engine-supplier_inv,zp7,engine-supplier_inv -> zp7,2100,2100,0,100.0
baseline,64,engine-supplier_prod,engine-supplier_inv,engine-supplier_prod -> engine-supplier_inv,2100,2000,100,95.24
baseline,64,gear-supplier_inv,zp7,gear-supplier_inv -> zp7,2100,2100,0,100.0
baseline,64,gear-supplier_prod,gear-supplier_inv,gear-supplier_prod -> gear-supplier_inv,2100,2000,100,95.24
baseline,64,seat-supplier_inv,zp7,seat-supplier_inv -> zp7,2100,1291,809,61.48
baseline,64,seat-supplier_prod,seat-supplier_inv,seat-supplier_prod -> seat-supplier_inv,2100,1291,809,61.48
baseline,64,seat-supplier_trans,seat-supplier_prod,seat-supplier_trans -> seat-supplier_prod,0,0,0,
baseline,64,zp7,zp8,zp7 -> zp8,2000,1291,709,64.55
baseline,65,battery-supplier_inv,zp7,battery-supplier_inv -> zp7,294,0,294,0.0
baseline,65,battery-supplier_prod,battery-supplier_inv,battery-supplier_prod -> battery-supplier_inv,294,0,294,0.0
baseline,65,battery-supplier_trans,battery-supplier_prod,battery-supplier_trans -> battery-supplier_prod,0,0,0,
baseline,65,engine-supplier_inv,zp7,engine-supplier_inv -> zp7,2100,2100,0,100.0
baseline,65,engine-supplier_prod,engine-supplier_inv,engine-supplier_prod -> engine-supplier_inv,2100,2000,100,95.24
baseline,65,gear-supplier_inv,zp7,gear-supplier_inv -> zp7,2100,2100,0,100.0
baseline,65,gear-supplier_prod,gear-supplier_inv,gear-supplier_prod -> gear-supplier_inv,2100,2000,100,95.24
baseline,65,seat-supplier_inv,zp7,seat-supplier_inv -> zp7,2100,1924,176,91.62
baseline,65,seat-supplier_prod,seat-supplier_inv,seat-supplier_prod -> seat-supplier_inv,2100,1924,176,91.62
baseline,65,seat-supplier_trans,seat-supplier_prod,seat-supplier_trans -> seat-supplier_prod,0,0,0,
baseline,65,zp7,zp8,zp7 -> zp8,2000,1924,76,96.2
baseline,66,battery-supplier_inv,zp7,battery-supplier_inv -> zp7,294,0,294,0.0
baseline,66,battery-supplier_prod,battery-supplier_inv,battery-supplier_prod -> battery-supplier_inv,294,294,0,100.0
baseline,66,battery-supplier_trans,battery-supplier_prod,battery-supplier_trans -> battery-supplier_prod,0,0,0,
baseline,66,engine-supplier_inv,zp7,engine-supplier_inv -> zp7,2100,2100,0,100.0
baseline,66,engine-supplier_prod,engine-supplier_inv,engine-supplier_prod -> engine-supplier_inv,2100,2000,100,95.24
baseline,66,gear-supplier_inv,zp7,gear-supplier_inv -> zp7,2100,2100,0,100.0
baseline,66,gear-supplier_prod,gear-supplier_inv,gear-supplier_prod -> gear-supplier_inv,2100,2000,100,95.24
baseline,66,seat-supplier_inv,zp7,seat-supplier_inv -> zp7,2100,1936,164,92.19
baseline,66,seat-supplier_prod,seat-supplier_inv,seat-supplier_prod -> seat-supplier_inv,2100,1936,164,92.19
baseline,66,seat-supplier_trans,seat-supplier_prod,seat-supplier_trans -> seat-supplier_prod,0,0,0,
baseline,66,zp7,zp8,zp7 -> zp8,2000,1936,64,96.8
baseline,67,battery-supplier_inv,zp7,battery-supplier_inv -> zp7,294,294,0,100.0
baseline,67,battery-supplier_prod,battery-supplier_inv,battery-supplier_prod -> battery-supplier_inv,294,294,0,100.0
baseline,67,battery-supplier_trans,battery-supplier_prod,battery-supplier_trans -> battery-supplier_prod,2058,0,2058,0.0
baseline,67,engine-supplier_inv,zp7,engine-supplier_inv -> zp7,2100,2100,0,100.0
baseline,67,engine-supplier_prod,engine-supplier_inv,engine-supplier_prod -> engine-supplier_inv,2100,2000,100,95.24
baseline,67,gear-supplier_inv,zp7,gear-supplier_inv -> zp7,2100,2100,0,100.0
baseline,67,gear-supplier_prod,gear-supplier_inv,gear-supplier_prod -> gear-supplier_inv,2100,2000,100,95.24
baseline,67,seat-supplier_inv,zp7,seat-supplier_inv -> zp7,2100,1616,484,76.95
baseline,67,seat-supplier_prod,seat-supplier_inv,seat-supplier_prod -> seat-supplier_inv,2100,1616,484,76.95
baseline,67,seat-supplier_trans,seat-supplier_prod,seat-supplier_trans -> seat-supplier_prod,14700,0,14700,0.0
baseline,67,zp7,zp8,zp7 -> zp8,2000,1616,384,80.8
baseline,68,battery-supplier_inv,zp7,battery-supplier_inv -> zp7,294,294,0,100.0
baseline,68,battery-supplier_prod,battery-supplier_inv,battery-supplier_prod -> battery-supplier_inv,294,294,0,100.0
baseline,68,battery-supplier_trans,battery-supplier_prod,battery-supplier_trans -> battery-supplier_prod,0,0,0,
baseline,68,engine-supplier_inv,zp7,engine-supplier_inv -> zp7,2100,2100,0,100.0
baseline,68,engine-supplier_prod,engine-supplier_inv,engine-supplier_prod -> engine-supplier_inv,2100,2000,100,95.24
baseline,68,gear-supplier_inv,zp7,gear-supplier_inv -> zp7,2100,2100,0,100.0
baseline,68,gear-supplier_prod,gear-supplier_inv,gear-supplier_prod -> gear-supplier_inv,2100,2000,100,95.24
baseline,68,seat-supplier_inv,zp7,seat-supplier_inv -> zp7,2100,2000,100,95.24
baseline,68,seat-supplier_prod,seat-supplier_inv,seat-supplier_prod -> seat-supplier_inv,2100,2000,100,95.24
baseline,68,seat-supplier_trans,seat-supplier_prod,seat-supplier_trans -> seat-supplier_prod,0,0,0,
baseline,68,zp7,zp8,zp7 -> zp8,2000,2000,0,100.0
baseline,69,battery-supplier_inv,zp7,battery-supplier_inv -> zp7,294,294,0,100.0
baseline,69,battery-supplier_prod,battery-supplier_inv,battery-supplier_prod -> battery-supplier_inv,294,65,229,22.11
baseline,69,battery-supplier_trans,battery-supplier_prod,battery-supplier_trans -> battery-supplier_prod,0,0,0,
baseline,69,engine-supplier_inv,zp7,engine-supplier_inv -> zp7,2100,2100,0,100.0
baseline,69,engine-supplier_prod,engine-supplier_inv,engine-supplier_prod -> engine-supplier_inv,2100,2000,100,95.24
baseline,69,gear-supplier_inv,zp7,gear-supplier_inv -> zp7,2100,2100,0,100.0
baseline,69,gear-supplier_prod,gear-supplier_inv,gear-supplier_prod -> gear-supplier_inv,2100,2000,100,95.24
baseline,69,seat-supplier_inv,zp7,seat-supplier_inv -> zp7,2100,2000,100,95.24
baseline,69,seat-supplier_prod,seat-supplier_inv,seat-supplier_prod -> seat-supplier_inv,2100,2000,100,95.24
baseline,69,seat-supplier_trans,seat-supplier_prod,seat-supplier_trans -> seat-supplier_prod,0,0,0,
baseline,69,zp7,zp8,zp7 -> zp8,2000,2000,0,100.0
baseline,70,battery-supplier_inv,zp7,battery-supplier_inv -> zp7,294,65,229,22.11
baseline,70,battery-supplier_prod,battery-supplier_inv,battery-supplier_prod -> battery-supplier_inv,294,0,294,0.0
baseline,70,battery-supplier_trans,battery-supplier_prod,battery-supplier_trans -> battery-supplier_prod,0,0,0,
baseline,70,engine-supplier_inv,zp7,engine-supplier_inv -> zp7,2100,2100,0,100.0
baseline,70,engine-supplier_prod,engine-supplier_inv,engine-supplier_prod -> engine-supplier_inv,2100,2000,100,95.24
baseline,70,gear-supplier_inv,zp7,gear-supplier_inv -> zp7,2100,2100,0,100.0
baseline,70,gear-supplier_prod,gear-supplier_inv,gear-supplier_prod -> gear-supplier_inv,2100,2000,100,95.24
baseline,70,seat-supplier_inv,zp7,seat-supplier_inv -> zp7,2100,2000,100,95.24
baseline,70,seat-supplier_prod,seat-supplier_inv,seat-supplier_prod -> seat-supplier_inv,2100,2000,100,95.24
baseline,70,seat-supplier_trans,seat-supplier_prod,seat-supplier_trans -> seat-supplier_prod,0,0,0,
baseline,70,zp7,zp8,zp7 -> zp8,2000,2000,0,100.0
baseline,71,battery-supplier_inv,zp7,battery-supplier_inv -> zp7,294,0,294,0.0
baseline,71,battery-supplier_prod,battery-supplier_inv,battery-supplier_prod -> battery-supplier_inv,294,0,294,0.0
baseline,71,battery-supplier_trans,battery-supplier_prod,battery-supplier_trans -> battery-supplier_prod,0,0,0,
baseline,71,engine-supplier_inv,zp7,engine-supplier_inv -> zp7,2100,1000,1100,47.62
baseline,71,engine-supplier_prod,engine-supplier_inv,engine-supplier_prod -> engine-supplier_inv,2100,0,2100,0.0
baseline,71,gear-supplier_inv,zp7,gear-supplier_inv -> zp7,2100,1000,1100,47.62
baseline,71,gear-supplier_prod,gear-supplier_inv,gear-supplier_prod -> gear-supplier_inv,2100,0,2100,0.0
baseline,71,seat-supplier_inv,zp7,seat-supplier_inv -> zp7,2100,2000,100,95.24
baseline,71,seat-supplier_prod,seat-supplier_inv,seat-supplier_prod -> seat-supplier_inv,2100,2000,100,95.24
baseline,71,seat-supplier_trans,seat-supplier_prod,seat-supplier_trans -> seat-supplier_prod,0,0,0,
baseline,71,zp7,zp8,zp7 -> zp8,2000,2000,0,100.0
baseline,72,battery-supplier_inv,zp7,battery-supplier_inv -> zp7,294,0,294,0.0
baseline,72,battery-supplier_prod,battery-supplier_inv,battery-supplier_prod -> battery-supplier_inv,294,0,294,0.0
baseline,72,battery-supplier_trans,battery-supplier_prod,battery-supplier_trans -> battery-supplier_prod,0,0,0,
baseline,72,engine-supplier_inv,zp7,engine-supplier_inv -> zp7,2100,0,2100,0.0
baseline,72,engine-supplier_prod,engine-supplier_inv,engine-supplier_prod -> engine-supplier_inv,2100,0,2100,0.0
baseline,72,gear-supplier_inv,zp7,gear-supplier_inv -> zp7,2100,0,2100,0.0
baseline,72,gear-supplier_prod,gear-supplier_inv,gear-supplier_prod -> gear-supplier_inv,2100,0,2100,0.0
baseline,72,seat-supplier_inv,zp7,seat-supplier_inv -> zp7,2100,2000,100,95.24
baseline,72,seat-supplier_prod,seat-supplier_inv,seat-supplier_prod -> seat-supplier_inv,2100,2000,100,95.24
baseline,72,seat-supplier_trans,seat-supplier_prod,seat-supplier_trans -> seat-supplier_prod,0,0,0,
baseline,72,zp7,zp8,zp7 -> zp8,2000,2000,0,100.0
baseline,73,battery-supplier_inv,zp7,battery-supplier_inv -> zp7,294,0,294,0.0
baseline,73,battery-supplier_prod,battery-supplier_inv,battery-supplier_prod -> battery-supplier_inv,294,0,294,0.0
baseline,73,battery-supplier_trans,battery-supplier_prod,battery-supplier_trans -> battery-supplier_prod,0,0,0,
baseline,73,engine-supplier_inv,zp7,engine-supplier_inv -> zp7,2100,0,2100,0.0
baseline,73,engine-supplier_prod,engine-supplier_inv,engine-supplier_prod -> engine-supplier_inv,2100,0,2100,0.0
baseline,73,gear-supplier_inv,zp7,gear-supplier_inv -> zp7,2100,0,2100,0.0
baseline,73,gear-supplier_prod,gear-supplier_inv,gear-supplier_prod -> gear-supplier_inv,2100,0,2100,0.0
baseline,73,seat-supplier_inv,zp7,seat-supplier_inv -> zp7,2100,1732,368,82.48
baseline,73,seat-supplier_prod,seat-supplier_inv,seat-supplier_prod -> seat-supplier_inv,2100,1732,368,82.48
baseline,73,seat-supplier_trans,seat-supplier_prod,seat-supplier_trans -> seat-supplier_prod,0,0,0,
baseline,73,zp7,zp8,zp7 -> zp8,2000,1732,268,86.6
baseline,74,battery-supplier_inv,zp7,battery-supplier_inv -> zp7,294,0,294,0.0
baseline,74,battery-supplier_prod,battery-supplier_inv,battery-supplier_prod -> battery-supplier_inv,294,0,294,0.0
baseline,74,battery-supplier_trans,battery-supplier_prod,battery-supplier_trans -> battery-supplier_prod,2058,0,2058,0.0
baseline,74,engine-supplier_inv,zp7,engine-supplier_inv -> zp7,2100,0,2100,0.0
baseline,74,engine-supplier_prod,engine-supplier_inv,engine-supplier_prod -> engine-supplier_inv,2100,0,2100,0.0
baseline,74,gear-supplier_inv,zp7,gear-supplier_inv -> zp7,2100,0,2100,0.0
baseline,74,gear-supplier_prod,gear-supplier_inv,gear-supplier_prod -> gear-supplier_inv,2100,0,2100,0.0
baseline,74,seat-supplier_inv,zp7,seat-supplier_inv -> zp7,2100,1949,151,92.81
baseline,74,seat-supplier_prod,seat-supplier_inv,seat-supplier_prod -> seat-supplier_inv,2100,1949,151,92.81
baseline,74,seat-supplier_trans,seat-supplier_prod,seat-supplier_trans -> seat-supplier_prod,14700,0,14700,0.0
baseline,74,zp7,zp8,zp7 -> zp8,2000,1949,51,97.45
expedited,61,battery-supplier_inv,zp7,battery-supplier_inv -> zp7,294,159,135,54.08
expedited,61,battery-supplier_prod,battery-supplier_inv,battery-supplier_prod -> battery-supplier_inv,294,93,201,31.63
expedited,61,battery-supplier_trans,battery-supplier_prod,battery-supplier_trans -> battery-supplier_prod,0,0,0,
expedited,61,engine-supplier_inv,zp7,engine-supplier_inv -> zp7,2100,2100,0,100.0
expedited,61,engine-supplier_prod,engine-supplier_inv,engine-supplier_prod -> engine-supplier_inv,2100,2000,100,95.24
expedited,61,gear-supplier_inv,zp7,gear-supplier_inv -> zp7,2100,2100,0,100.0
expedited,61,gear-supplier_prod,gear-supplier_inv,gear-supplier_prod -> gear-supplier_inv,2100,2000,100,95.24
expedited,61,seat-supplier_inv,zp7,seat-supplier_inv -> zp7,2100,2000,100,95.24
expedited,61,seat-supplier_prod,seat-supplier_inv,seat-supplier_prod -> seat-supplier_inv,2100,2000,100,95.24
expedited,61,seat-supplier_trans,seat-supplier_prod,seat-supplier_trans -> seat-supplier_prod,0,0,0,
expedited,61,zp7,zp8,zp7 -> zp8,2000,2000,0,100.0
expedited,62,battery-supplier_inv,zp7,battery-supplier_inv -> zp7,294,93,201,31.63
expedited,62,battery-supplier_prod,battery-supplier_inv,battery-supplier_prod -> battery-supplier_inv,294,294,0,100.0
expedited,62,battery-supplier_trans,battery-supplier_prod,battery-supplier_trans -> battery-supplier_prod,0,0,0,
expedited,62,engine-supplier_inv,zp7,engine-supplier_inv -> zp7,2100,2100,0,100.0
expedited,62,engine-supplier_prod,engine-supplier_inv,engine-supplier_prod -> engine-supplier_inv,2100,2000,100,95.24
expedited,62,gear-supplier_inv,zp7,gear-supplier_inv -> zp7,2100,2100,0,100.0
expedited,62,gear-supplier_prod,gear-supplier_inv,gear-supplier_prod -> gear-supplier_inv,2100,2000,100,95.24
expedited,62,seat-supplier_inv,zp7,seat-supplier_inv -> zp7,2100,2000,100,95.24
expedited,62,seat-supplier_prod,seat-supplier_inv,seat-supplier_prod -> seat-supplier_inv,2100,2000,100,95.24
expedited,62,seat-supplier_trans,seat-supplier_prod,seat-supplier_trans -> seat-supplier_prod,0,0,0,
expedited,62,zp7,zp8,zp7 -> zp8,2000,2000,0,100.0
expedited,63,battery-supplier_inv,zp7,battery-supplier_inv -> zp7,294,294,0,100.0
expedited,63,battery-supplier_prod,battery-supplier_inv,battery-supplier_prod -> battery-supplier_inv,294,294,0,100.0
expedited,63,battery-supplier_trans,battery-supplier_prod,battery-supplier_trans -> battery-supplier_prod,0,0,0,
expedited,63,engine-supplier_inv,zp7,engine-supplier_inv -> zp7,2100,2100,0,100.0
expedited,63,engine-supplier_prod,engine-supplier_inv,engine-supplier_prod -> engine-supplier_inv,2100,2000,100,95.24
expedited,63,gear-supplier_inv,zp7,gear-supplier_inv -> zp7,2100,2100,0,100.0
expedited,63,gear-supplier_prod,gear-supplier_inv,gear-supplier_prod -> gear-supplier_inv,2100,2000,100,95.24
expedited,63,seat-supplier_inv,zp7,seat-supplier_inv -> zp7,2100,2000,100,95.24
expedited,63,seat-supplier_prod,seat-supplier_inv,seat-supplier_prod -> seat-supplier_inv,2100,2000,100,95.24
expedited,63,seat-supplier_trans,seat-supplier_prod,seat-supplier_trans -> seat-supplier_prod,0,0,0,
expedited,63,zp7,zp8,zp7 -> zp8,2000,2000,0,100.0
expedited,64,battery-supplier_inv,zp7,battery-supplier_inv -> zp7,294,294,0,100.0
expedited,64,battery-supplier_prod,battery-supplier_inv,battery-supplier_prod -> battery-supplier_inv,294,294,0,100.0
expedited,64,battery-supplier_trans,battery-supplier_prod,battery-supplier_trans -> battery-supplier_prod,0,0,0,
expedited,64,engine-supplier_inv,zp7,engine-supplier_inv -> zp7,2100,2100,0,100.0
expedited,64,engine-supplier_prod,engine-supplier_inv,engine-supplier_prod -> engine-supplier_inv,2100,2000,100,95.24
expedited,64,gear-supplier_inv,zp7,gear-supplier_inv -> zp7,2100,2100,0,100.0
expedited,64,gear-supplier_prod,gear-supplier_inv,gear-supplier_prod -> gear-supplier_inv,2100,2000,100,95.24
expedited,64,seat-supplier_inv,zp7,seat-supplier_inv -> zp7,2100,1585,515,75.48
expedited,64,seat-supplier_prod,seat-supplier_inv,seat-supplier_prod -> seat-supplier_inv,2100,1585,515,75.48
expedited,64,seat-supplier_trans,seat-supplier_prod,seat-supplier_trans -> seat-supplier_prod,0,0,0,
expedited,64,zp7,zp8,zp7 -> zp8,2000,1585,415,79.25
expedited,65,battery-supplier_inv,zp7,battery-supplier_inv -> zp7,294,294,0,100.0
expedited,65,battery-supplier_prod,battery-supplier_inv,battery-supplier_prod -> battery-supplier_inv,294,65,229,22.11
expedited,65,battery-supplier_trans,battery-supplier_prod,battery-supplier_trans -> battery-supplier_prod,0,0,0,
expedited,65,engine-supplier_inv,zp7,engine-supplier_inv -> zp7,2100,2100,0,100.0
expedited,65,engine-supplier_prod,engine-supplier_inv,engine-supplier_prod -> engine-supplier_inv,2100,2000,100,95.24
expedited,65,gear-supplier_inv,zp7,gear-supplier_inv -> zp7,2100,2100,0,100.0
expedited,65,gear-supplier_prod,gear-supplier_inv,gear-supplier_prod -> gear-supplier_inv,2100,2000,100,95.24
expedited,65,seat-supplier_inv,zp7,seat-supplier_inv -> zp7,2100,2000,100,95.24
expedited,65,seat-supplier_prod,seat-supplier_inv,seat-supplier_prod -> seat-supplier_inv,2100,2000,100,95.24
expedited,65,seat-supplier_trans,seat-supplier_prod,seat-supplier_trans -> seat-supplier_prod,0,0,0,
expedited,65,zp7,zp8,zp7 -> zp8,2000,2000,0,100.0
expedited,66,battery-supplier_inv,zp7,battery-supplier_inv -> zp7,294,65,229,22.11
expedited,66,battery-supplier_prod,battery-supplier_inv,battery-supplier_prod -> battery-supplier_inv,294,0,294,0.0
expedited,66,battery-supplier_trans,battery-supplier_prod,battery-supplier_trans -> battery-supplier_prod,0,0,0,
expedited,66,engine-supplier_inv,zp7,engine-supplier_inv -> zp7,2100,2100,0,100.0
expedited,66,engine-supplier_prod,engine-supplier_inv,engine-supplier_prod -> engine-supplier_inv,2100,2000,100,95.24
expedited,66,gear-supplier_inv,zp7,gear-supplier_inv -> zp7,2100,2100,0,100.0
expedited,66,gear-supplier_prod,gear-supplier_inv,gear-supplier_prod -> gear-supplier_inv,2100,2000,100,95.24
expedited,66,seat-supplier_inv,zp7,seat-supplier_inv -> zp7,2100,2000,100,95.24
expedited,66,seat-supplier_prod,seat-supplier_inv,seat-supplier_prod -> seat-supplier_inv,2100,2000,100,95.24
expedited,66,seat-supplier_trans,seat-supplier_prod,seat-supplier_trans -> seat-supplier_prod,0,0,0,
expedited,66,zp7,zp8,zp7 -> zp8,2000,2000,0,100.0
expedited,67,battery-supplier_inv,zp7,battery-supplier_inv -> zp7,294,0,294,0.0
expedited,67,battery-supplier_prod,battery-supplier_inv,battery-supplier_prod -> battery-supplier_inv,294,0,294,0.0
expedited,67,battery-supplier_trans,battery-supplier_prod,battery-supplier_trans -> battery-supplier_prod,2058,0,2058,0.0
expedited,67,engine-supplier_inv,zp7,engine-supplier_inv -> zp7,2100,2100,0,100.0
expedited,67,engine-supplier_prod,engine-supplier_inv,engine-supplier_prod -> engine-supplier_inv,2100,2000,100,95.24
expedited,67,gear-supplier_inv,zp7,gear-supplier_inv -> zp7,2100,2100,0,100.0
expedited,67,gear-supplier_prod,gear-supplier_inv,gear-supplier_prod -> gear-supplier_inv,2100,2000,100,95.24
expedited,67,seat-supplier_inv,zp7,seat-supplier_inv -> zp7,2100,2000,100,95.24
expedited,67,seat-supplier_prod,seat-supplier_inv,seat-supplier_prod -> seat-supplier_inv,2100,2000,100,95.24
expedited,67,seat-supplier_trans,seat-supplier_prod,seat-supplier_trans -> seat-supplier_prod,14700,0,14700,0.0
expedited,67,zp7,zp8,zp7 -> zp8,2000,2000,0,100.0
expedited,68,battery-supplier_inv,zp7,battery-supplier_inv -> zp7,294,0,294,0.0
expedited,68,battery-supplier_prod,battery-supplier_inv,battery-supplier_prod -> battery-supplier_inv,294,0,294,0.0
expedited,68,battery-supplier_trans,battery-supplier_prod,battery-supplier_trans -> battery-supplier_prod,0,0,0,
expedited,68,engine-supplier_inv,zp7,engine-supplier_inv -> zp7,2100,2100,0,100.0
expedited,68,engine-supplier_prod,engine-supplier_inv,engine-supplier_prod -> engine-supplier_inv,2100,2000,100,95.24
expedited,68,gear-supplier_inv,zp7,gear-supplier_inv -> zp7,2100,2100,0,100.0
expedited,68,gear-supplier_prod,gear-supplier_inv,gear-supplier_prod -> gear-supplier_inv,2100,2000,100,95.24
expedited,68,seat-supplier_inv,zp7,seat-supplier_inv -> zp7,2100,2000,100,95.24
expedited,68,seat-supplier_prod,seat-supplier_inv,seat-supplier_prod -> seat-supplier_inv,2100,2000,100,95.24
expedited,68,seat-supplier_trans,seat-supplier_prod,seat-supplier_trans -> seat-supplier_prod,0,0,0,
expedited,68,zp7,zp8,zp7 -> zp8,2000,2000,0,100.0
expedited,69,battery-supplier_inv,zp7,battery-supplier_inv -> zp7,294,0,294,0.0
expedited,69,battery-supplier_prod,battery-supplier_inv,battery-supplier_prod -> battery-supplier_inv,294,294,0,100.0
expedited,69,battery-supplier_trans,battery-supplier_prod,battery-supplier_trans -> battery-supplier_prod,0,0,0,
expedited,69,engine-supplier_inv,zp7,engine-supplier_inv -> zp7,2100,2100,0,100.0
expedited,69,engine-supplier_prod,engine-supplier_inv,engine-supplier_prod -> engine-supplier_inv,2100,2000,100,95.24
expedited,69,gear-supplier_inv,zp7,gear-supplier_inv -> zp7,2100,2100,0,100.0
expedited,69,gear-supplier_prod,gear-supplier_inv,gear-supplier_prod -> gear-supplier_inv,2100,2000,100,95.24
expedited,69,seat-supplier_inv,zp7,seat-supplier_inv -> zp7,2100,1795,305,85.48
expedited,69,seat-supplier_prod,seat-supplier_inv,seat-supplier_prod -> seat-supplier_inv,2100,1795,305,85.48
expedited,69,seat-supplier_trans,seat-supplier_prod,seat-supplier_trans -> seat-supplier_prod,0,0,0,
expedited,69,zp7,zp8,zp7 -> zp8,2000,1795,205,89.75
expedited,70,battery-supplier_inv,zp7,battery-supplier_inv -> zp7,294,294,0,100.0
expedited,70,battery-supplier_prod,battery-supplier_inv,battery-supplier_prod -> battery-supplier_inv,294,128,166,43.54
expedited,70,battery-supplier_trans,battery-supplier_prod,battery-supplier_trans -> battery-supplier_prod,0,0,0,
expedited,70,engine-supplier_inv,zp7,engine-supplier_inv -> zp7,2100,2100,0,100.0
expedited,70,engine-supplier_prod,engine-supplier_inv,engine-supplier_prod -> engine-supplier_inv,2100,2000,100,95.24
expedited,70,gear-supplier_inv,zp7,gear-supplier_inv -> zp7,2100,2100,0,100.0
expedited,70,gear-supplier_prod,gear-supplier_inv,gear-supplier_prod -> gear-supplier_inv,2100,2000,100,95.24
expedited,70,seat-supplier_inv,zp7,seat-supplier_inv -> zp7,2100,1818,282,86.57
expedited,70,seat-supplier_prod,seat-supplier_inv,seat-supplier_prod -> seat-supplier_inv,2100,1818,282,86.57
expedited,70,seat-supplier_trans,seat-supplier_prod,seat-supplier_trans -> seat-supplier_prod,0,0,0,
expedited,70,zp7,zp8,zp7 -> zp8,2000,1818,182,90.9
expedited,71,battery-supplier_inv,zp7,battery-supplier_inv -> zp7,294,128,166,43.54
expedited,71,battery-supplier_prod,battery-supplier_inv,battery-supplier_prod -> battery-supplier_inv,294,0,294,0.0
expedited,71,battery-supplier_trans,battery-supplier_prod,battery-supplier_trans -> battery-supplier_prod,0,0,0,
expedited,71,engine-supplier_inv,zp7,engine-supplier_inv -> zp7,2100,1000,1100,47.62
expedited,71,engine-supplier_prod,engine-supplier_inv,engine-supplier_prod -> engine-supplier_inv,2100,0,2100,0.0
expedited,71,gear-supplier_inv,zp7,gear-supplier_inv -> zp7,2100,1000,1100,47.62
expedited,71,gear-supplier_prod,gear-supplier_inv,gear-supplier_prod -> gear-supplier_inv,2100,0,2100,0.0
expedited,71,seat-supplier_inv,zp7,seat-supplier_inv -> zp7,2100,2000,100,95.24
expedited,71,seat-supplier_prod,seat-supplier_inv,seat-supplier_prod -> seat-supplier_inv,2100,2000,100,95.24
expedited,71,seat-supplier_trans,seat-supplier_prod,seat-supplier_trans -> seat-supplier_prod,0,0,0,
expedited,71,zp7,zp8,zp7 -> zp8,2000,2000,0,100.0
expedited,72,battery-supplier_inv,zp7,battery-supplier_inv -> zp7,294,0,294,0.0
expedited,72,battery-supplier_prod,battery-supplier_inv,battery-supplier_prod -> battery-supplier_inv,294,0,294,0.0
expedited,72,battery-supplier_trans,battery-supplier_prod,battery-supplier_trans -> battery-supplier_prod,0,0,0,
expedited,72,engine-supplier_inv,zp7,engine-supplier_inv -> zp7,2100,0,2100,0.0
expedited,72,engine-supplier_prod,engine-supplier_inv,engine-supplier_prod -> engine-supplier_inv,2100,0,2100,0.0
expedited,72,gear-supplier_inv,zp7,gear-supplier_inv -> zp7,2100,0,2100,0.0
expedited,72,gear-supplier_prod,gear-supplier_inv,gear-supplier_prod -> gear-supplier_inv,2100,0,2100,0.0
expedited,72,seat-supplier_inv,zp7,seat-supplier_inv -> zp7,2100,2000,100,95.24
expedited,72,seat-supplier_prod,seat-supplier_inv,seat-supplier_prod -> seat-supplier_inv,2100,2000,100,95.24
expedited,72,seat-supplier_trans,seat-supplier_prod,seat-supplier_trans -> seat-supplier_prod,0,0,0,
expedited,72,zp7,zp8,zp7 -> zp8,2000,2000,0,100.0
expedited,73,battery-supplier_inv,zp7,battery-supplier_inv -> zp7,294,0,294,0.0
expedited,73,battery-supplier_prod,battery-supplier_inv,battery-supplier_prod -> battery-supplier_inv,294,0,294,0.0
expedited,73,battery-supplier_trans,battery-supplier_prod,battery-supplier_trans -> battery-supplier_prod,0,0,0,
expedited,73,engine-supplier_inv,zp7,engine-supplier_inv -> zp7,2100,0,2100,0.0
expedited,73,engine-supplier_prod,engine-supplier_inv,engine-supplier_prod -> engine-supplier_inv,2100,0,2100,0.0
expedited,73,gear-supplier_inv,zp7,gear-supplier_inv -> zp7,2100,0,2100,0.0
expedited,73,gear-supplier_prod,gear-supplier_inv,gear-supplier_prod -> gear-supplier_inv,2100,0,2100,0.0
expedited,73,seat-supplier_inv,zp7,seat-supplier_inv -> zp7,2100,1723,377,82.05
expedited,73,seat-supplier_prod,seat-supplier_inv,seat-supplier_prod -> seat-supplier_inv,2100,1723,377,82.05
expedited,73,seat-supplier_trans,seat-supplier_prod,seat-supplier_trans -> seat-supplier_prod,0,0,0,
expedited,73,zp7,zp8,zp7 -> zp8,2000,1723,277,86.15
expedited,74,battery-supplier_inv,zp7,battery-supplier_inv -> zp7,294,0,294,0.0
expedited,74,battery-supplier_prod,battery-supplier_inv,battery-supplier_prod -> battery-supplier_inv,294,0,294,0.0
expedited,74,battery-supplier_trans,battery-supplier_prod,battery-supplier_trans -> battery-supplier_prod,2058,0,2058,0.0
expedited,74,engine-supplier_inv,zp7,engine-supplier_inv -> zp7,2100,0,2100,0.0
expedited,74,engine-supplier_prod,engine-supplier_inv,engine-supplier_prod -> engine-supplier_inv,2100,0,2100,0.0
expedited,74,gear-supplier_inv,zp7,gear-supplier_inv -> zp7,2100,0,2100,0.0
expedited,74,gear-supplier_prod,gear-supplier_inv,gear-supplier_prod -> gear-supplier_inv,2100,0,2100,0.0
expedited,74,seat-supplier_inv,zp7,seat-supplier_inv -> zp7,2100,1949,151,92.81
expedited,74,seat-supplier_prod,seat-supplier_inv,seat-supplier_prod -> seat-supplier_inv,2100,1949,151,92.81
expedited,74,seat-supplier_trans,seat-supplier_prod,seat-supplier_trans -> seat-supplier_prod,14700,0,14700,0.0
expedited,74,zp7,zp8,zp7 -> zp8,2000,1949,51,97.45
buffer,61,battery-supplier_inv,zp7,battery-supplier_inv -> zp7,294,159,135,54.08
buffer,61,battery-supplier_prod,battery-supplier_inv,battery-supplier_prod -> battery-supplier_inv,294,93,201,31.63
buffer,61,battery-supplier_trans,battery-supplier_prod,battery-supplier_trans -> battery-supplier_prod,0,0,0,
buffer,61,engine-supplier_inv,zp7,engine-supplier_inv -> zp7,2100,2100,0,100.0
buffer,61,engine-supplier_prod,engine-supplier_inv,engine-supplier_prod -> engine-supplier_inv,2100,2000,100,95.24
buffer,61,gear-supplier_inv,zp7,gear-supplier_inv -> zp7,2100,2100,0,100.0
buffer,61,gear-supplier_prod,gear-supplier_inv,gear-supplier_prod -> gear-supplier_inv,2100,2000,100,95.24
buffer,61,seat-supplier_inv,zp7,seat-supplier_inv -> zp7,2100,2000,100,95.24
buffer,61,seat-supplier_prod,seat-supplier_inv,seat-supplier_prod -> seat-supplier_inv,2100,2000,100,95.24
buffer,61,seat-supplier_trans,seat-supplier_prod,seat-supplier_trans -> seat-supplier_prod,0,0,0,
buffer,61,zp7,zp8,zp7 -> zp8,2000,2000,0,100.0
buffer,62,battery-supplier_inv,zp7,battery-supplier_inv -> zp7,294,93,201,31.63
buffer,62,battery-supplier_prod,battery-supplier_inv,battery-supplier_prod -> battery-supplier_inv,294,294,0,100.0
buffer,62,battery-supplier_trans,battery-supplier_prod,battery-supplier_trans -> battery-supplier_prod,0,0,0,
buffer,62,engine-supplier_inv,zp7,engine-supplier_inv -> zp7,2100,2100,0,100.0
buffer,62,engine-supplier_prod,engine-supplier_inv,engine-supplier_prod -> engine-supplier_inv,2100,2000,100,95.24
buffer,62,gear-supplier_inv,zp7,gear-supplier_inv -> zp7,2100,2100,0,100.0
buffer,62,gear-supplier_prod,gear-supplier_inv,gear-supplier_prod -> gear-supplier_inv,2100,2000,100,95.24
buffer,62,seat-supplier_inv,zp7,seat-supplier_inv -> zp7,2100,2000,100,95.24
buffer,62,seat-supplier_prod,seat-supplier_inv,seat-supplier_prod -> seat-supplier_inv,2100,2000,100,95.24
buffer,62,seat-supplier_trans,seat-supplier_prod,seat-supplier_trans -> seat-supplier_prod,0,0,0,
buffer,62,zp7,zp8,zp7 -> zp8,2000,2000,0,100.0
buffer,63,battery-supplier_inv,zp7,battery-supplier_inv -> zp7,294,294,0,100.0
buffer,63,battery-supplier_prod,battery-supplier_inv,battery-supplier_prod -> battery-supplier_inv,294,294,0,100.0
buffer,63,battery-supplier_trans,battery-supplier_prod,battery-supplier_trans -> battery-supplier_prod,0,0,0,
buffer,63,engine-supplier_inv,zp7,engine-supplier_inv -> zp7,2100,2100,0,100.0
buffer,63,engine-supplier_prod,engine-supplier_inv,engine-supplier_prod -> engine-supplier_inv,2100,2000,100,95.24
buffer,63,gear-supplier_inv,zp7,gear-supplier_inv -> zp7,2100,2100,0,100.0
buffer,63,gear-supplier_prod,gear-supplier_inv,gear-supplier_prod -> gear-supplier_inv,2100,2000,100,95.24
buffer,63,seat-supplier_inv,zp7,seat-supplier_inv -> zp7,2100,2000,100,95.24
buffer,63,seat-supplier_prod,seat-supplier_inv,seat-supplier_prod -> seat-supplier_inv,2100,2000,100,95.24
buffer,63,seat-supplier_trans,seat-supplier_prod,seat-supplier_trans -> seat-supplier_prod,0,0,0,
buffer,63,zp7,zp8,zp7 -> zp8,2000,2000,0,100.0
buffer,64,battery-supplier_inv,zp7,battery-supplier_inv -> zp7,294,294,0,100.0
buffer,64,battery-supplier_prod,battery-supplier_inv,battery-supplier_prod -> battery-supplier_inv,294,294,0,100.0
buffer,64,battery-supplier_trans,battery-supplier_prod,battery-supplier_trans -> battery-supplier_prod,0,0,0,
buffer,64,engine-supplier_inv,zp7,engine-supplier_inv -> zp7,2100,2100,0,100.0
buffer,64,engine-supplier_prod,engine-supplier_inv,engine-supplier_prod -> engine-supplier_inv,2100,2000,100,95.24
buffer,64,gear-supplier_inv,zp7,gear-supplier_inv -> zp7,2100,2100,0,100.0
buffer,64,gear-supplier_prod,gear-supplier_inv,gear-supplier_prod -> gear-supplier_inv,2100,2000,100,95.24
buffer,64,seat-supplier_inv,zp7,seat-supplier_inv -> zp7,2100,2000,100,95.24
buffer,64,seat-supplier_prod,seat-supplier_inv,seat-supplier_prod -> seat-supplier_inv,2100,2000,100,95.24
buffer,64,seat-supplier_trans,seat-supplier_prod,seat-supplier_trans -> seat-supplier_prod,0,0,0,
buffer,64,zp7,zp8,zp7 -> zp8,2000,2000,0,100.0
buffer,65,battery-supplier_inv,zp7,battery-supplier_inv -> zp7,294,294,0,100.0
buffer,65,battery-supplier_prod,battery-supplier_inv,battery-supplier_prod -> battery-supplier_inv,294,65,229,22.11
buffer,65,battery-supplier_trans,battery-supplier_prod,battery-supplier_trans -> battery-supplier_prod,0,0,0,
buffer,65,engine-supplier_inv,zp7,engine-supplier_inv -> zp7,2100,2100,0,100.0
buffer,65,engine-supplier_prod,engine-supplier_inv,engine-supplier_prod -> engine-supplier_inv,2100,2000,100,95.24
buffer,65,gear-supplier_inv,zp7,gear-supplier_inv -> zp7,2100,2100,0,100.0
buffer,65,gear-supplier_prod,gear-supplier_inv,gear-supplier_prod -> gear-supplier_inv,2100,2000,100,95.24
buffer,65,seat-supplier_inv,zp7,seat-supplier_inv -> zp7,2100,2000,100,95.24
buffer,65,seat-supplier_prod,seat-supplier_inv,seat-supplier_prod -> seat-supplier_inv,2100,2000,100,95.24
buffer,65,seat-supplier_trans,seat-supplier_prod,seat-supplier_trans -> seat-supplier_prod,0,0,0,
buffer,65,zp7,zp8,zp7 -> zp8,2000,2000,0,100.0
buffer,66,battery-supplier_inv,zp7,battery-supplier_inv -> zp7,294,65,229,22.11
buffer,66,battery-supplier_prod,battery-supplier_inv,battery-supplier_prod -> battery-supplier_inv,294,0,294,0.0
buffer,66,battery-supplier_trans,battery-supplier_prod,battery-supplier_trans -> battery-supplier_prod,0,0,0,
buffer,66,engine-supplier_inv,zp7,engine-supplier_inv -> zp7,2100,2100,0,100.0
buffer,66,engine-supplier_prod,engine-supplier_inv,engine-supplier_prod -> engine-supplier_inv,2100,2000,100,95.24
buffer,66,gear-supplier_inv,zp7,gear-supplier_inv -> zp7,2100,2100,0,100.0
buffer,66,gear-supplier_prod,gear-supplier_inv,gear-supplier_prod -> gear-supplier_inv,2100,2000,100,95.24
buffer,66,seat-supplier_inv,zp7,seat-supplier_inv -> zp7,2100,2000,100,95.24
buffer,66,seat-supplier_prod,seat-supplier_inv,seat-supplier_prod -> seat-supplier_inv,2100,2000,100,95.24
buffer,66,seat-supplier_trans,seat-supplier_prod,seat-supplier_trans -> seat-supplier_prod,0,0,0,
buffer,66,zp7,zp8,zp7 -> zp8,2000,2000,0,100.0
buffer,67,battery-supplier_inv,zp7,battery-supplier_inv -> zp7,294,0,294,0.0
buffer,67,battery-supplier_prod,battery-supplier_inv,battery-supplier_prod -> battery-supplier_inv,294,0,294,0.0
buffer,67,battery-supplier_trans,battery-supplier_prod,battery-supplier_trans -> battery-supplier_prod,2058,0,2058,0.0
buffer,67,engine-supplier_inv,zp7,engine-supplier_inv -> zp7,2100,2100,0,100.0
buffer,67,engine-supplier_prod,engine-supplier_inv,engine-supplier_prod -> engine-supplier_inv,2100,2000,100,95.24
buffer,67,gear-supplier_inv,zp7,gear-supplier_inv -> zp7,2100,2100,0,100.0
buffer,67,gear-supplier_prod,gear-supplier_inv,gear-supplier_prod -> gear-supplier_inv,2100,2000,100,95.24
buffer,67,seat-supplier_inv,zp7,seat-supplier_inv -> zp7,2100,2000,100,95.24
buffer,67,seat-supplier_prod,seat-supplier_inv,seat-supplier_prod -> seat-supplier_inv,2100,2000,100,95.24
buffer,67,seat-supplier_trans,seat-supplier_prod,seat-supplier_trans -> seat-supplier_prod,14700,0,14700,0.0
buffer,67,zp7,zp8,zp7 -> zp8,2000,2000,0,100.0
buffer,68,battery-supplier_inv,zp7,battery-supplier_inv -> zp7,294,0,294,0.0
buffer,68,battery-supplier_prod,battery-supplier_inv,battery-supplier_prod -> battery-supplier_inv,294,0,294,0.0
buffer,68,battery-supplier_trans,battery-supplier_prod,battery-supplier_trans -> battery-supplier_prod,0,0,0,
buffer,68,engine-supplier_inv,zp7,engine-supplier_inv -> zp7,2100,2100,0,100.0
buffer,68,engine-supplier_prod,engine-supplier_inv,engine-supplier_prod -> engine-supplier_inv,2100,2000,100,95.24
buffer,68,gear-supplier_inv,zp7,gear-supplier_inv -> zp7,2100,2100,0,100.0
buffer,68,gear-supplier_prod,gear-supplier_inv,gear-supplier_prod -> gear-supplier_inv,2100,2000,100,95.24
buffer,68,seat-supplier_inv,zp7,seat-supplier_inv -> zp7,2100,2000,100,95.24
buffer,68,seat-supplier_prod,seat-supplier_inv,seat-supplier_prod -> seat-supplier_inv,2100,2000,100,95.24
buffer,68,seat-supplier_trans,seat-supplier_prod,seat-supplier_trans -> seat-supplier_prod,0,0,0,
buffer,68,zp7,zp8,zp7 -> zp8,2000,2000,0,100.0
buffer,69,battery-supplier_inv,zp7,battery-supplier_inv -> zp7,294,0,294,0.0
buffer,69,battery-supplier_prod,battery-supplier_inv,battery-supplier_prod -> battery-supplier_inv,294,294,0,100.0
buffer,69,battery-supplier_trans,battery-supplier_prod,battery-supplier_trans -> battery-supplier_prod,0,0,0,
buffer,69,engine-supplier_inv,zp7,engine-supplier_inv -> zp7,2100,2100,0,100.0
buffer,69,engine-supplier_prod,engine-supplier_inv,engine-supplier_prod -> engine-supplier_inv,2100,2000,100,95.24
buffer,69,gear-supplier_inv,zp7,gear-supplier_inv -> zp7,2100,2100,0,100.0
buffer,69,gear-supplier_prod,gear-supplier_inv,gear-supplier_prod -> gear-supplier_inv,2100,2000,100,95.24
buffer,69,seat-supplier_inv,zp7,seat-supplier_inv -> zp7,2100,2000,100,95.24
buffer,69,seat-supplier_prod,seat-supplier_inv,seat-supplier_prod -> seat-supplier_inv,2100,2000,100,95.24
buffer,69,seat-supplier_trans,seat-supplier_prod,seat-supplier_trans -> seat-supplier_prod,0,0,0,
buffer,69,zp7,zp8,zp7 -> zp8,2000,2000,0,100.0
buffer,70,battery-supplier_inv,zp7,battery-supplier_inv -> zp7,294,294,0,100.0
buffer,70,battery-supplier_prod,battery-supplier_inv,battery-supplier_prod -> battery-supplier_inv,294,128,166,43.54
buffer,70,battery-supplier_trans,battery-supplier_prod,battery-supplier_trans -> battery-supplier_prod,0,0,0,
buffer,70,engine-supplier_inv,zp7,engine-supplier_inv -> zp7,2100,2100,0,100.0
buffer,70,engine-supplier_prod,engine-supplier_inv,engine-supplier_prod -> engine-supplier_inv,2100,2000,100,95.24
buffer,70,gear-supplier_inv,zp7,gear-supplier_inv -> zp7,2100,2100,0,100.0
buffer,70,gear-supplier_prod,gear-supplier_inv,gear-supplier_prod -> gear-supplier_inv,2100,2000,100,95.24
buffer,70,seat-supplier_inv,zp7,seat-supplier_inv -> zp7,2100,2000,100,95.24
buffer,70,seat-supplier_prod,seat-supplier_inv,seat-supplier_prod -> seat-supplier_inv,2100,2000,100,95.24
buffer,70,seat-supplier_trans,seat-supplier_prod,seat-supplier_trans -> seat-supplier_prod,0,0,0,
buffer,70,zp7,zp8,zp7 -> zp8,2000,2000,0,100.0
buffer,71,battery-supplier_inv,zp7,battery-supplier_inv -> zp7,294,128,166,43.54
buffer,71,battery-supplier_prod,battery-supplier_inv,battery-supplier_prod -> battery-supplier_inv,294,0,294,0.0
buffer,71,battery-supplier_trans,battery-supplier_prod,battery-supplier_trans -> battery-supplier_prod,0,0,0,
buffer,71,engine-supplier_inv,zp7,engine-supplier_inv -> zp7,2100,1000,1100,47.62
buffer,71,engine-supplier_prod,engine-supplier_inv,engine-supplier_prod -> engine-supplier_inv,2100,0,2100,0.0
buffer,71,gear-supplier_inv,zp7,gear-supplier_inv -> zp7,2100,1000,1100,47.62
buffer,71,gear-supplier_prod,gear-supplier_inv,gear-supplier_prod -> gear-supplier_inv,2100,0,2100,0.0
buffer,71,seat-supplier_inv,zp7,seat-supplier_inv -> zp7,2100,2000,100,95.24
buffer,71,seat-supplier_prod,seat-supplier_inv,seat-supplier_prod -> seat-supplier_inv,2100,2000,100,95.24
buffer,71,seat-supplier_trans,seat-supplier_prod,seat-supplier_trans -> seat-supplier_prod,0,0,0,
buffer,71,zp7,zp8,zp7 -> zp8,2000,2000,0,100.0
buffer,72,battery-supplier_inv,zp7,battery-supplier_inv -> zp7,294,0,294,0.0
buffer,72,battery-supplier_prod,battery-supplier_inv,battery-supplier_prod -> battery-supplier_inv,294,0,294,0.0
buffer,72,battery-supplier_trans,battery-supplier_prod,battery-supplier_trans -> battery-supplier_prod,0,0,0,
buffer,72,engine-supplier_inv,zp7,engine-supplier_inv -> zp7,2100,0,2100,0.0
buffer,72,engine-supplier_prod,engine-supplier_inv,engine-supplier_prod -> engine-supplier_inv,2100,0,2100,0.0
buffer,72,gear-supplier_inv,zp7,gear-supplier_inv -> zp7,2100,0,2100,0.0
buffer,72,gear-supplier_prod,gear-supplier_inv,gear-supplier_prod -> gear-supplier_inv,2100,0,2100,0.0
buffer,72,seat-supplier_inv,zp7,seat-supplier_inv -> zp7,2100,2000,100,95.24
buffer,72,seat-supplier_prod,seat-supplier_inv,seat-supplier_prod -> seat-supplier_inv,2100,2000,100,95.24
buffer,72,seat-supplier_trans,seat-supplier_prod,seat-supplier_trans -> seat-supplier_prod,0,0,0,
buffer,72,zp7,zp8,zp7 -> zp8,2000,2000,0,100.0
buffer,73,battery-supplier_inv,zp7,battery-supplier_inv -> zp7,294,0,294,0.0
buffer,73,battery-supplier_prod,battery-supplier_inv,battery-supplier_prod -> battery-supplier_inv,294,0,294,0.0
buffer,73,battery-supplier_trans,battery-supplier_prod,battery-supplier_trans -> battery-supplier_prod,0,0,0,
buffer,73,engine-supplier_inv,zp7,engine-supplier_inv -> zp7,2100,0,2100,0.0
buffer,73,engine-supplier_prod,engine-supplier_inv,engine-supplier_prod -> engine-supplier_inv,2100,0,2100,0.0
buffer,73,gear-supplier_inv,zp7,gear-supplier_inv -> zp7,2100,0,2100,0.0
buffer,73,gear-supplier_prod,gear-supplier_inv,gear-supplier_prod -> gear-supplier_inv,2100,0,2100,0.0
buffer,73,seat-supplier_inv,zp7,seat-supplier_inv -> zp7,2100,2000,100,95.24
buffer,73,seat-supplier_prod,seat-supplier_inv,seat-supplier_prod -> seat-supplier_inv,2100,2000,100,95.24
buffer,73,seat-supplier_trans,seat-supplier_prod,seat-supplier_trans -> seat-supplier_prod,0,0,0,
buffer,73,zp7,zp8,zp7 -> zp8,2000,2000,0,100.0
buffer,74,battery-supplier_inv,zp7,battery-supplier_inv -> zp7,294,0,294,0.0
buffer,74,battery-supplier_prod,battery-supplier_inv,battery-supplier_prod -> battery-supplier_inv,294,0,294,0.0
buffer,74,battery-supplier_trans,battery-supplier_prod,battery-supplier_trans -> battery-supplier_prod,2058,0,2058,0.0
buffer,74,engine-supplier_inv,zp7,engine-supplier_inv -> zp7,2100,0,2100,0.0
buffer,74,engine-supplier_prod,engine-supplier_inv,engine-supplier_prod -> engine-supplier_inv,2100,0,2100,0.0
buffer,74,gear-supplier_inv,zp7,gear-supplier_inv -> zp7,2100,0,2100,0.0
buffer,74,gear-supplier_prod,gear-supplier_inv,gear-supplier_prod -> gear-supplier_inv,2100,0,2100,0.0
buffer,74,seat-supplier_inv,zp7,seat-supplier_inv -> zp7,2100,2000,100,95.24
buffer,74,seat-supplier_prod,seat-supplier_inv,seat-supplier_prod -> seat-supplier_inv,2100,2000,100,95.24
buffer,74,seat-supplier_trans,seat-supplier_prod,seat-supplier_trans -> seat-supplier_prod,14700,0,14700,0.0
buffer,74,zp7,zp8,zp7 -> zp8,2000,2000,0,100.0
