scenario_id,period,due_today,produced_today,cumulative_produced,backlog_end_of_day,assembly_capacity_units,unused_assembly_slots,assembly_utilization_pct
baseline,61,2000,2000,2000,0,2000,0,100.0
baseline,62,2000,2000,4000,0,2000,0,100.0
baseline,63,2000,2000,6000,0,2000,0,100.0
baseline,64,2000,1291,7291,709,2000,709,64.55
baseline,65,2000,1924,9215,785,2000,76,96.2
baseline,66,2000,1936,11151,849,2000,64,96.8
baseline,67,2000,1616,12767,1233,2000,384,80.8
baseline,68,2000,2000,14767,1233,2000,0,100.0
baseline,69,2000,2000,16767,1233,2000,0,100.0
baseline,70,2000,2000,18767,1233,2000,0,100.0
baseline,71,2000,2000,20767,1233,2000,0,100.0
baseline,72,2000,2000,22767,1233,2000,0,100.0
baseline,73,2000,1732,24499,1501,2000,268,86.6
baseline,74,2000,1949,26448,1552,2000,51,97.45
expedited,61,2000,2000,2000,0,2000,0,100.0
expedited,62,2000,2000,4000,0,2000,0,100.0
expedited,63,2000,2000,6000,0,2000,0,100.0
expedited,64,2000,1585,7585,415,2000,415,79.25
expedited,65,2000,2000,9585,415,2000,0,100.0
expedited,66,2000,2000,11585,415,2000,0,100.0
expedited,67,2000,2000,13585,415,2000,0,100.0
expedited,68,2000,2000,15585,415,2000,0,100.0
expedited,69,2000,1795,17380,620,2000,205,89.75
expedited,70,2000,1818,19198,802,2000,182,90.9
expedited,71,2000,2000,21198,802,2000,0,100.0
expedited,72,2000,2000,23198,802,2000,0,100.0
expedited,73,2000,1723,24921,1079,2000,277,86.15
expedited,74,2000,1949,26870,1130,2000,51,97.45
buffer,61,2000,2000,2000,0,2000,0,100.0
buffer,62,2000,2000,4000,0,2000,0,100.0
buffer,63,2000,2000,6000,0,2000,0,100.0
buffer,64,2000,2000,8000,0,2000,0,100.0
buffer,65,2000,2000,10000,0,2000,0,100.0
buffer,66,2000,2000,12000,0,2000,0,100.0
buffer,67,2000,2000,14000,0,2000,0,100.0
buffer,68,2000,2000,16000,0,2000,0,100.0
buffer,69,2000,2000,18000,0,2000,0,100.0
buffer,70,2000,2000,20000,0,2000,0,100.0
buffer,71,2000,2000,22000,0,2000,0,100.0
buffer,72,2000,2000,24000,0,2000,0,100.0
buffer,73,2000,2000,26000,0,2000,0,100.0
buffer,74,2000,2000,28000,0,2000,0,100.0
