scenario_id,due_period,completion_period,status,delay_days_if_completed,last_observed_blocker,order_units
baseline,61,61,on_time,0,,2000
baseline,62,62,on_time,0,,2000
baseline,63,63,on_time,0,,2000
baseline,64,64,on_time,0,,1291
baseline,64,68,late,4,,294
baseline,64,69,late,5,,294
baseline,64,70,late,6,,121
baseline,65,70,late,5,,76
baseline,65,65,on_time,0,,1924
baseline,66,66,on_time,0,,1936
baseline,66,70,late,4,,64
baseline,67,67,on_time,0,,1616
baseline,67,70,late,3,,33
baseline,67,71,late,4,,65
baseline,67,,unfulfilled,,material:zp7:BEV,286
baseline,68,68,on_time,0,,1706
baseline,68,,unfulfilled,,material:zp7:BEV,59
baseline,68,69,late,1,,235
baseline,69,69,on_time,0,,1471
baseline,69,,unfulfilled,,material:zp7:BEV,275
baseline,69,70,late,1,,254
baseline,70,70,on_time,0,,1452
baseline,70,,unfulfilled,,material:zp7:BEV,182
baseline,70,71,late,1,,366
baseline,71,71,on_time,0,,1569
baseline,71,,unfulfilled,,material:zp7:BEV,68
baseline,71,72,late,1,,363
baseline,72,72,on_time,0,,1637
baseline,72,,unfulfilled,,material:zp7:BEV,274
baseline,72,73,late,1,,89
baseline,73,73,on_time,0,,1643
baseline,73,,unfulfilled,,material:zp7:BEV,357
baseline,74,74,on_time,0,,1949
baseline,74,,unfulfilled,,material:zp7:BEV,51
expedited,61,61,on_time,0,,2000
expedited,62,62,on_time,0,,2000
expedited,63,63,on_time,0,,2000
expedited,64,64,on_time,0,,1585
expedited,64,65,late,1,,294
expedited,64,66,late,2,,121
expedited,65,66,late,1,,294
expedited,65,65,on_time,0,,1706
expedited,66,66,on_time,0,,1585
expedited,66,67,late,1,,415
expedited,67,67,on_time,0,,1585
expedited,67,71,late,4,,286
expedited,67,68,late,1,,129
expedited,68,68,on_time,0,,1871
expedited,68,71,late,3,,8
expedited,68,72,late,4,,51
expedited,68,69,late,1,,70
expedited,69,69,on_time,0,,1725
expedited,69,72,late,3,,77
expedited,69,,unfulfilled,,material:zp7:BEV,198
expedited,70,70,on_time,0,,1818
expedited,70,,unfulfilled,,material:zp7:BEV,182
expedited,71,71,on_time,0,,1706
expedited,71,,unfulfilled,,material:zp7:BEV,68
expedited,71,72,late,1,,226
expedited,72,72,on_time,0,,1646
expedited,72,,unfulfilled,,material:zp7:BEV,274
expedited,72,73,late,1,,80
expedited,73,73,on_time,0,,1643
expedited,73,,unfulfilled,,material:zp7:BEV,357
expedited,74,74,on_time,0,,1949
expedited,74,,unfulfilled,,material:zp7:BEV,51
buffer,61,61,on_time,0,,2000
buffer,62,62,on_time,0,,2000
buffer,63,63,on_time,0,,2000
buffer,64,64,on_time,0,,2000
buffer,65,65,on_time,0,,2000
buffer,66,66,on_time,0,,2000
buffer,67,67,on_time,0,,2000
buffer,68,68,on_time,0,,2000
buffer,69,69,on_time,0,,2000
buffer,70,70,on_time,0,,2000
buffer,71,71,on_time,0,,2000
buffer,72,72,on_time,0,,2000
buffer,73,73,on_time,0,,2000
buffer,74,74,on_time,0,,2000
